fs.costing.land_cost_percent_FCI,fs.costing.working_capital_percent_FCI,fs.costing.salaries_percent_FCI,fs.costing.benefit_percent_of_salary,fs.costing.maintenance_costs_percent_FCI,fs.costing.laboratory_fees_percent_FCI,fs.costing.insurance_and_taxes_percent_FCI,fs.costing.utilization_factor,fs.costing.electricity_cost,fs.costing.electrical_carbon_intensity,fs.costing.plant_lifetime,fs.costing.wacc,fs.costing.capital_recovery_factor,fs.costing.TPEC,fs.costing.TIC,fs.costing.heat_cost,fs.costing.acetic_acid_cost,fs.costing.activated_carbon_cost,fs.costing.alum_cost,fs.costing.anhydrous_ammonia_cost,fs.costing.ammonia_cost,fs.costing.anthracite_cost,fs.costing.anti-scalant_cost,fs.costing.polymer_cost,fs.costing.cationic_polymer_cost,fs.costing.caustic_soda_cost,fs.costing.chlorine_cost,fs.costing.ferric_chloride_cost,fs.costing.hydrochloric_acid_cost,fs.costing.hydrogen_peroxide_cost,fs.costing.ion_exchange_resin_cost,fs.costing.lime_cost,fs.costing.phosphoric_acid_cost,fs.costing.sand_cost,fs.costing.sodium_bisulfite_cost,fs.costing.sodium_chloride_cost,fs.costing.sulfuric_acid_cost,fs.costing.catalyst_ATHTL_cost,fs.costing.magnesium_chloride_cost,fs.costing.catalyst_HTG_cost,fs.costing.hydrogen_product_cost,fs.costing.filtration_media_cost,fs.costing.filtration_media_disposal_cost,fs.costing.disinfection_solution_cost,fs.costing.struvite_product_cost,fs.costing.struvite_cost,fs.costing.aggregate_capital_cost,fs.costing.aggregate_fixed_operating_cost,fs.costing.aggregate_variable_operating_cost,fs.costing.aggregate_flow_electricity,fs.costing.aggregate_flow_costs[electricity],fs.costing.total_capital_cost,fs.costing.total_operating_cost,fs.costing.screen.capital_a_parameter[default],fs.costing.screen.capital_b_parameter[default],fs.costing.screen.reference_state[default],fs.unit.properties_in[0.0].flow_mass_comp[H2O],fs.unit.properties_in[0.0].flow_mass_comp[tds],fs.unit.properties_treated[0.0].flow_mass_comp[H2O],fs.unit.properties_treated[0.0].flow_mass_comp[tds],fs.unit.properties_byproduct[0.0].flow_mass_comp[H2O],fs.unit.properties_byproduct[0.0].flow_mass_comp[tds],fs.unit.recovery_frac_mass_H2O[0.0],"fs.unit.removal_frac_mass_comp[0.0,tds]",fs.unit.electricity[0.0],fs.unit.energy_electric_flow_vol_inlet,fs.unit.costing.capital_cost,fs.costing.total_investment_factor,fs.costing.maintenance_labor_chemical_factor,fs.costing.aggregate_direct_capital_cost,fs.costing.maintenance_labor_chemical_operating_cost,fs.costing.total_fixed_operating_cost,fs.costing.total_variable_operating_cost,fs.costing.total_annualized_cost,fs.costing.land_cost,fs.costing.working_capital,fs.costing.salary_cost,fs.costing.benefits_cost,fs.costing.maintenance_cost,fs.costing.laboratory_cost,fs.costing.insurance_and_taxes_cost,fs.costing.LCOW,fs.costing.LCOW_component_direct_capex['fs.unit'],fs.costing.LCOW_component_indirect_capex['fs.unit'],fs.costing.LCOW_component_fixed_opex['fs.unit'],fs.costing.LCOW_component_variable_opex['fs.unit'],fs.costing.LCOW_aggregate_direct_capex[ScreenZO],fs.costing.LCOW_aggregate_indirect_capex[ScreenZO],fs.costing.LCOW_aggregate_fixed_opex[ScreenZO],fs.costing.LCOW_aggregate_variable_opex[ScreenZO],fs.costing.LCOW_aggregate_variable_opex[electricity],fs.costing.SEC,fs.costing.SEC_component['fs.unit'],fs.unit.costing.cost_factor,fs.unit.costing.direct_capital_cost,flow_mgd,subtype,unit_class,unit,fs.costing.screen.capital_a_parameter[drum],fs.costing.screen.capital_b_parameter[drum],fs.costing.screen.reference_state[drum],fs.costing.screen.capital_a_parameter[band],fs.costing.screen.capital_b_parameter[band],fs.costing.screen.reference_state[band],fs.costing.screen.capital_a_parameter[micro],fs.costing.screen.capital_b_parameter[micro],fs.costing.screen.reference_state[micro]
0.0015,0.05,0.001,0.9,0.008,0.003,0.002,1.0,5.9069053497942385e-08,0.475,30.0,0.05,0.06505143508027657,3.4,1.65,6.1e-06,1.1,3.63759,0.67,1.0,1.0,1.124346,3.49,0.79,0.79,1.02,0.44,0.88,0.15,1.53,7.072,0.12,0.97,0.510219804,1.3,0.08,0.14,0,0,0,0,0,0,0,0,0,3278.123751866967,0.0,0.0,0.0,0.0,3446.9471250881156,48.844043902817816,6.545,1.0,1.0,4.381263638888887,0.0004381263638888888,4.380825512524998,0.0003943137275,0.00043812636388914023,4.381263638888892e-05,0.9999,0.1,3.769483525243404e-21,0.0,3278.123751866967,1.0515,0.0149,3278.123751866967,48.84404390281781,48.84404390281781,0.0,273.0729010356333,4.917185627800451,163.90618759334836,3.278123751866967,2.95031137668027,26.224990014935734,9.834371255600901,6.556247503733934,0.001974839578601396,0.0015421813426925394,7.942233914866587e-05,0.00035323589676019093,1.8674788104926634e-23,0.0015421813426925394,7.942233914866587e-05,0.00035323589676019093,1.8674788104926634e-23,0.0,0.0,2.3896623118338856e-22,1.0,3278.123751866967,0.1,default,ScreenZO,screen,,,,,,,,,
0.0015,0.05,0.001,0.9,0.008,0.003,0.002,1.0,5.9069053497942385e-08,0.475,30.0,0.05,0.06505143508027657,3.4,1.65,6.1e-06,1.1,3.63759,0.67,1.0,1.0,1.124346,3.49,0.79,0.79,1.02,0.44,0.88,0.15,1.53,7.072,0.12,0.97,0.510219804,1.3,0.08,0.14,0,0,0,0,0,0,0,0,0,30459.23319443041,0.0,0.0,0.0,0.0,32027.88370394358,453.84257459701314,6.545,1.0,1.0,40.70924131134258,0.004070924131134258,40.705170387211446,0.0036638317180256617,0.004070924131186039,0.0004070924131182723,0.9999,0.1,5.218206108982621e-17,0.0,30459.23319443057,1.0515,0.0149,30459.23319443057,453.8425745970131,453.8425745970131,0.0,2537.3023721227464,45.688849791645616,1522.9616597215206,30.45923319443041,27.41330987498737,243.67386555544329,91.37769958329123,60.91846638886082,0.0019748395786013855,0.0015421813426925392,7.942233914866582e-05,0.0003532358967601909,2.782283887855299e-20,0.0015421813426925392,7.942233914866582e-05,0.0003532358967601909,2.782283887855299e-20,0.0,0.0,3.560264732469147e-19,1.0,30459.23319443057,0.9291666666666666,default,ScreenZO,screen,,,,,,,,,
0.0015,0.05,0.001,0.9,0.008,0.003,0.002,1.0,5.9069053497942385e-08,0.475,30.0,0.05,0.06505143508027657,3.4,1.65,6.1e-06,1.1,3.63759,0.67,1.0,1.0,1.124346,3.49,0.79,0.79,1.02,0.44,0.88,0.15,1.53,7.072,0.12,0.97,0.510219804,1.3,0.08,0.14,0,0,0,0,0,0,0,0,0,57640.34263699386,0.0,0.0,7.326059691971474e-40,5.0187026386702186e-37,60608.820282799046,858.8411052912086,6.545,1.0,1.0,77.03721898379627,0.007703721898379629,77.02951526189788,0.006933349708550804,0.00770372189846856,0.0007703721898471343,0.9999,0.1,5.218206108982621e-17,0.0,57640.34263699416,1.0515,0.0149,57640.34263699416,858.8411052912086,858.8411052912086,5.0187026386702186e-37,4801.53184320986,86.4605139554908,2882.017131849693,57.640342636993864,51.87630837329448,461.1227410959509,172.9210279109816,115.28068527398773,0.0019748395786013855,0.001542181342692539,7.942233914866609e-05,0.0003532358967601909,1.470259021307421e-20,0.001542181342692539,7.942233914866609e-05,0.0003532358967601909,1.470259021307421e-20,2.064160548699285e-43,2.641337689281337e-42,1.8813721216602368e-19,1.0,57640.34263699416,1.7583333333333333,default,ScreenZO,screen,,,,,,,,,
0.0015,0.05,0.001,0.9,0.008,0.003,0.002,1.0,5.9069053497942385e-08,0.475,30.0,0.05,0.06505143508027657,3.4,1.65,6.1e-06,1.1,3.63759,0.67,1.0,1.0,1.124346,3.49,0.79,0.79,1.02,0.44,0.88,0.15,1.53,7.072,0.12,0.97,0.510219804,1.3,0.08,0.14,0,0,0,0,0,0,0,0,0,84821.45207955733,0.0,0.0,0.0,0.0,89189.75686165455,1263.8396359854044,6.545,1.0,1.0,113.36519665624996,0.011336519665624998,113.35386013658434,0.010202867699075946,0.011336519665751414,0.001133651966575996,0.9999,0.1,5.218206108982621e-17,0.0,84821.45207955777,1.0515,0.0149,84821.45207955777,1263.8396359854044,1263.8396359854044,0.0,7065.761314296977,127.232178119336,4241.0726039778665,84.82145207955733,76.33930687160161,678.5716166364587,254.464356238672,169.64290415911466,0.0019748395786013855,0.001542181342692539,7.942233914866579e-05,0.0003532358967601908,9.991132157676837e-21,0.001542181342692539,7.942233914866579e-05,0.0003532358967601908,9.991132157676837e-21,0.0,0.0,1.2784847590026084e-19,1.0,84821.45207955777,2.5875,default,ScreenZO,screen,,,,,,,,,
0.0015,0.05,0.001,0.9,0.008,0.003,0.002,1.0,5.9069053497942385e-08,0.475,30.0,0.05,0.06505143508027657,3.4,1.65,6.1e-06,1.1,3.63759,0.67,1.0,1.0,1.124346,3.49,0.79,0.79,1.02,0.44,0.88,0.15,1.53,7.072,0.12,0.97,0.510219804,1.3,0.08,0.14,0,0,0,0,0,0,0,0,0,112002.56152212076,0.0,0.0,8.077920766362818e-28,5.533758522664535e-25,117770.69344050997,1668.8381666795995,6.545,1.0,1.0,149.69317432870363,0.014969317432870366,149.67820501127076,0.013472385689601088,0.014969317433066651,0.001496931743304858,0.9999,0.1,5.218206108982621e-17,0.0,112002.56152212134,1.0515,0.0149,112002.56152212134,1668.8381666795992,1668.8381666795992,5.533758522664535e-25,9329.990785384089,168.00384228318114,5600.128076106038,112.00256152212076,100.8023053699087,896.0204921769661,336.0076845663623,224.00512304424151,0.0019748395786013855,0.001542181342692539,7.942233914866595e-05,0.0003532358967601908,7.566454963313802e-21,0.001542181342692539,7.942233914866595e-05,0.0003532358967601908,7.566454963313802e-21,1.171307196369409e-31,1.4988275352936249e-30,9.68218335781244e-20,1.0,112002.56152212134,3.4166666666666665,default,ScreenZO,screen,,,,,,,,,
0.0015,0.05,0.001,0.9,0.008,0.003,0.002,1.0,5.9069053497942385e-08,0.475,30.0,0.05,0.06505143508027657,3.4,1.65,6.1e-06,1.1,3.63759,0.67,1.0,1.0,1.124346,3.49,0.79,0.79,1.02,0.44,0.88,0.15,1.53,7.072,0.12,0.97,0.510219804,1.3,0.08,0.14,0,0,0,0,0,0,0,0,0,139183.67096468425,0.0,0.0,0.0,0.0,146351.63001936552,2073.8366973737957,6.545,1.0,1.0,186.02115200115733,0.018602115200115732,186.00254988595722,0.016741903680126225,0.018602115200323174,0.0018602115200337195,0.9999,0.1,5.218206108982621e-17,0.0,139183.67096468498,1.0515,0.0149,139183.67096468498,2073.8366973737952,2073.8366973737952,0.0,11594.220256471208,208.77550644702637,6959.183548234213,139.18367096468424,125.26530386821584,1113.469367717474,417.55101289405275,278.3673419293685,0.0019748395786013864,0.0015421813426925394,7.942233914866603e-05,0.00035323589676019093,6.0888057604684174e-21,0.0015421813426925394,7.942233914866603e-05,0.00035323589676019093,6.0888057604684174e-21,0.0,0.0,7.791354615707752e-20,1.0,139183.67096468498,4.245833333333333,default,ScreenZO,screen,,,,,,,,,
0.0015,0.05,0.001,0.9,0.008,0.003,0.002,1.0,5.9069053497942385e-08,0.475,30.0,0.05,0.06505143508027657,3.4,1.65,6.1e-06,1.1,3.63759,0.67,1.0,1.0,1.124346,3.49,0.79,0.79,1.02,0.44,0.88,0.15,1.53,7.072,0.12,0.97,0.510219804,1.3,0.08,0.14,0,0,0,0,0,0,0,0,0,166364.78040724766,0.0,0.0,0.0,0.0,174932.56659822093,2478.83522806799,6.545,1.0,1.0,222.349129673611,0.022234912967361103,222.32689476064365,0.020011421670651373,0.02223491296760905,0.0022234912967625813,0.9999,0.1,5.218206108982621e-17,0.0,166364.78040724853,1.0515,0.0149,166364.78040724853,2478.83522806799,2478.83522806799,0.0,13858.449727558316,249.5471706108715,8318.239020362384,166.36478040724765,149.7283023665229,1330.9182432579812,499.094341221743,332.7295608144953,0.0019748395786013855,0.001542181342692539,7.942233914866571e-05,0.0003532358967601909,5.0940008784214426e-21,0.001542181342692539,7.942233914866571e-05,0.0003532358967601909,5.0940008784214426e-21,0.0,0.0,6.518382884569951e-20,1.0,166364.78040724853,5.074999999999999,default,ScreenZO,screen,,,,,,,,,
0.0015,0.05,0.001,0.9,0.008,0.003,0.002,1.0,5.9069053497942385e-08,0.475,30.0,0.05,0.06505143508027657,3.4,1.65,6.1e-06,1.1,3.63759,0.67,1.0,1.0,1.124346,3.49,0.79,0.79,1.02,0.44,0.88,0.15,1.53,7.072,0.12,0.97,0.510219804,1.3,0.08,0.14,0,0,0,0,0,0,0,0,0,193545.88984981112,0.0,0.0,0.0,0.0,203513.50317707643,2883.8337587621863,6.545,1.0,1.0,258.6771073460647,0.025867710734606475,258.6512396353301,0.023280939661176517,0.02586771073489493,0.0025867710734914437,0.9999,0.1,5.218206108982621e-17,0.0,193545.88984981214,1.0515,0.0149,193545.88984981214,2883.833758762186,2883.833758762186,0.0,16122.679198645434,290.31883477471666,9677.294492490557,193.54588984981112,174.19130086483003,1548.367118798489,580.6376695494333,387.09177969962224,0.001974839578601386,0.0015421813426925392,7.942233914866591e-05,0.0003532358967601909,4.378611905375665e-21,0.0015421813426925392,7.942233914866591e-05,0.0003532358967601909,4.378611905375665e-21,0.0,0.0,5.602957200710092e-20,1.0,193545.88984981214,5.904166666666666,default,ScreenZO,screen,,,,,,,,,
0.0015,0.05,0.001,0.9,0.008,0.003,0.002,1.0,5.9069053497942385e-08,0.475,30.0,0.05,0.06505143508027657,3.4,1.65,6.1e-06,1.1,3.63759,0.67,1.0,1.0,1.124346,3.49,0.79,0.79,1.02,0.44,0.88,0.15,1.53,7.072,0.12,0.97,0.510219804,1.3,0.08,0.14,0,0,0,0,0,0,0,0,0,220726.9992923757,0.0,0.0,0.0,0.0,232094.43975593307,3288.8322894563985,6.545,1.0,1.0,295.00508501851834,0.029500508501851843,294.9755845100165,0.026550457651666654,0.02950050850185052,0.0029500508501851845,0.9999,0.1,3.7694835252461893e-23,0.0,220726.9992923757,1.0515,0.0149,220726.9992923757,3288.832289456398,3288.832289456398,0.0,18386.90866973264,331.09049893856354,11036.349964618785,220.7269992923757,198.65429936313814,1765.8159943390056,662.1809978771271,441.4539985847514,0.001974839578601396,0.0015421813426925392,7.942233914866588e-05,0.0003532358967601909,2.7734833819218474e-27,0.0015421813426925392,7.942233914866588e-05,0.0003532358967601909,2.7734833819218474e-27,0.0,0.0,3.549003433419285e-26,1.0,220726.9992923757,6.7333333333333325,default,ScreenZO,screen,,,,,,,,,
0.0015,0.05,0.001,0.9,0.008,0.003,0.002,1.0,5.9069053497942385e-08,0.475,30.0,0.05,0.06505143508027657,3.4,1.65,6.1e-06,1.1,3.63759,0.67,1.0,1.0,1.124346,3.49,0.79,0.79,1.02,0.44,0.88,0.15,1.53,7.072,0.12,0.97,0.510219804,1.3,0.08,0.14,0,0,0,0,0,0,0,0,0,247908.10873493936,0.0,0.0,0.0,0.0,260675.37633478877,3693.8308201505965,6.545,1.0,1.0,331.3330626909721,0.03313330626909721,331.299929384703,0.02981997564218749,0.033133306269147796,0.003313330626909721,0.9999,0.1,3.7694835252461893e-23,0.0,247908.10873493936,1.0515,0.0149,247908.10873493936,3693.8308201505965,3693.8308201505965,0.0,20651.13814081977,371.86216310240906,12395.405436746969,247.90810873493936,223.11729786144545,1983.264869879515,743.7243262048181,495.8162174698787,0.001974839578601396,0.0015421813426925392,7.942233914866584e-05,0.0003532358967601909,2.4693934684218756e-27,0.0015421813426925392,7.942233914866584e-05,0.0003532358967601909,2.4693934684218756e-27,0.0,0.0,3.1598840487082994e-26,1.0,247908.10873493936,7.562499999999999,default,ScreenZO,screen,,,,,,,,,
0.0015,0.05,0.001,0.9,0.008,0.003,0.002,1.0,5.9069053497942385e-08,0.475,30.0,0.05,0.06505143508027657,3.4,1.65,6.1e-06,1.1,3.63759,0.67,1.0,1.0,1.124346,3.49,0.79,0.79,1.02,0.44,0.88,0.15,1.53,7.072,0.12,0.97,0.510219804,1.3,0.08,0.14,0,0,0,0,0,0,0,0,0,275089.218177503,0.0,0.0,0.0,0.0,289256.3129136444,4098.829350844795,6.545,1.0,1.0,367.6610403634258,0.036766104036342576,367.62427425938944,0.03308949363270832,0.0367661040363986,0.0036766104036342583,0.9999,0.1,3.7694835252461893e-23,0.0,275089.218177503,1.0515,0.0149,275089.218177503,4098.829350844794,4098.829350844794,0.0,22915.3676119069,412.63382726625446,13754.46090887515,275.08921817750297,247.5802963597527,2200.7137454200238,825.2676545325089,550.1784363550059,0.001974839578601396,0.0015421813426925392,7.942233914866596e-05,0.0003532358967601909,2.2253967950276583e-27,0.0015421813426925392,7.942233914866596e-05,0.0003532358967601909,2.2253967950276583e-27,0.0,0.0,2.847661146179525e-26,1.0,275089.218177503,8.391666666666666,default,ScreenZO,screen,,,,,,,,,
0.0015,0.05,0.001,0.9,0.008,0.003,0.002,1.0,5.9069053497942385e-08,0.475,30.0,0.05,0.06505143508027657,3.4,1.65,6.1e-06,1.1,3.63759,0.67,1.0,1.0,1.124346,3.49,0.79,0.79,1.02,0.44,0.88,0.15,1.53,7.072,0.12,0.97,0.510219804,1.3,0.08,0.14,0,0,0,0,0,0,0,0,0,302270.3276200665,0.0,0.0,0.0,0.0,317837.2494925,4503.827881538992,6.545,1.0,1.0,403.9890180358795,0.040398901803587954,403.9486191340759,0.03635901162322916,0.04039890180364951,0.004039890180358796,0.9999,0.1,3.7694835252461893e-23,0.0,302270.3276200665,1.0515,0.0149,302270.3276200665,4503.827881538991,4503.827881538991,0.0,25179.597082994023,453.4054914300998,15113.516381003326,302.27032762006655,272.0432948580599,2418.1626209605324,906.8109828601996,604.5406552401331,0.001974839578601396,0.001542181342692539,7.942233914866592e-05,0.0003532358967601908,2.0252820357820623e-27,0.001542181342692539,7.942233914866592e-05,0.0003532358967601908,2.0252820357820623e-27,0.0,0.0,2.591590396929762e-26,1.0,302270.3276200665,9.220833333333333,default,ScreenZO,screen,,,,,,,,,
0.0015,0.05,0.001,0.9,0.008,0.003,0.002,1.0,5.9069053497942385e-08,0.475,30.0,0.05,0.06505143508027657,3.4,1.65,6.1e-06,1.1,3.63759,0.67,1.0,1.0,1.124346,3.49,0.79,0.79,1.02,0.44,0.88,0.15,1.53,7.072,0.12,0.97,0.510219804,1.3,0.08,0.14,0,0,0,0,0,0,0,0,0,329451.4370626301,0.0,0.0,0.0,0.0,346418.18607135554,4908.826412233188,6.545,1.0,1.0,440.3169957083331,0.04403169957083332,440.2729640087623,0.03962852961374999,0.04403169957083135,0.004403169957083332,0.9999,0.1,3.7694835252461893e-23,0.0,329451.4370626301,1.0515,0.0149,329451.4370626301,4908.826412233188,4908.826412233188,0.0,27443.82655408114,494.17715559394514,16472.571853131503,329.4514370626301,296.5062933563671,2635.6114965010406,988.3543111878903,658.9028741252602,0.0019748395786013955,0.001542181342692539,7.942233914866565e-05,0.0003532358967601909,1.858187871138352e-27,0.001542181342692539,7.942233914866565e-05,0.0003532358967601909,1.858187871138352e-27,0.0,0.0,2.3777734446125888e-26,1.0,329451.4370626301,10.049999999999999,default,ScreenZO,screen,,,,,,,,,
0.0015,0.05,0.001,0.9,0.008,0.003,0.002,1.0,5.9069053497942385e-08,0.475,30.0,0.05,0.06505143508027657,3.4,1.65,6.1e-06,1.1,3.63759,0.67,1.0,1.0,1.124346,3.49,0.79,0.79,1.02,0.44,0.88,0.15,1.53,7.072,0.12,0.97,0.510219804,1.3,0.08,0.14,0,0,0,0,0,0,0,0,0,356632.5465051937,0.0,0.0,0.0,0.0,374999.1226502112,5313.8249429273865,6.545,1.0,1.0,476.6449733807868,0.04766449733807868,476.5973088834487,0.042898047604270816,0.047664497338076546,0.0047664497338078685,0.9999,0.1,3.7694835252461893e-23,0.0,356632.5465051937,1.0515,0.0149,356632.5465051937,5313.8249429273865,5313.8249429273865,0.0,29708.05602516827,534.9488197577906,17831.627325259684,356.6325465051937,320.96929185467434,2853.0603720415497,1069.8976395155812,713.2650930103874,0.001974839578601396,0.001542181342692539,7.94223391486659e-05,0.0003532358967601909,1.7165642072714302e-27,0.001542181342692539,7.94223391486659e-05,0.0003532358967601909,1.7165642072714302e-27,0.0,0.0,2.1965490419017863e-26,1.0,356632.5465051937,10.879166666666665,default,ScreenZO,screen,,,,,,,,,
0.0015,0.05,0.001,0.9,0.008,0.003,0.002,1.0,5.9069053497942385e-08,0.475,30.0,0.05,0.06505143508027657,3.4,1.65,6.1e-06,1.1,3.63759,0.67,1.0,1.0,1.124346,3.49,0.79,0.79,1.02,0.44,0.88,0.15,1.53,7.072,0.12,0.97,0.510219804,1.3,0.08,0.14,0,0,0,0,0,0,0,0,0,383813.6559477573,0.0,0.0,0.0,0.0,403580.0592290668,5718.8234736215845,6.545,1.0,1.0,512.9729510532405,0.05129729510532406,512.9216537581352,0.046167565594791654,0.051297295105321924,0.005129729510532407,0.9999,0.1,3.7694835252461893e-23,0.0,383813.6559477573,1.0515,0.0149,383813.6559477573,5718.823473621584,5718.823473621584,0.0,31972.285496255397,575.720483921636,19190.682797387864,383.8136559477573,345.4322903529816,3070.5092475820584,1151.440967843272,767.6273118955146,0.001974839578601396,0.001542181342692539,7.942233914866587e-05,0.0003532358967601908,1.5949996957956242e-27,0.001542181342692539,7.942233914866587e-05,0.0003532358967601908,1.5949996957956242e-27,0.0,0.0,2.040992721852514e-26,1.0,383813.6559477573,11.708333333333332,default,ScreenZO,screen,,,,,,,,,
0.0015,0.05,0.001,0.9,0.008,0.003,0.002,1.0,5.9069053497942385e-08,0.475,30.0,0.05,0.06505143508027657,3.4,1.65,6.1e-06,1.1,3.63759,0.67,1.0,1.0,1.124346,3.49,0.79,0.79,1.02,0.44,0.88,0.15,1.53,7.072,0.12,0.97,0.510219804,1.3,0.08,0.14,0,0,0,0,0,0,0,0,0,410994.76539032103,0.0,0.0,0.0,0.0,432160.9958079226,6123.8220043157835,6.545,1.0,1.0,549.3009287256942,0.05493009287256943,549.2459986328216,0.04943708358531249,0.05493009287265296,0.005493009287256944,0.9999,0.1,3.7694835252461893e-23,0.0,410994.76539032103,1.0515,0.0149,410994.76539032103,6123.8220043157835,6123.8220043157835,0.0,34236.51496734253,616.4921480854815,20549.738269516052,410.99476539032105,369.89528885128897,3287.9581231225684,1232.984296170963,821.9895307806421,0.001974839578601396,0.0015421813426925392,7.942233914866583e-05,0.0003532358967601909,1.4895145048805925e-27,0.0015421813426925392,7.942233914866583e-05,0.0003532358967601909,1.4895145048805925e-27,0.0,0.0,1.9060118140264417e-26,1.0,410994.76539032103,12.5375,default,ScreenZO,screen,,,,,,,,,
0.0015,0.05,0.001,0.9,0.008,0.003,0.002,1.0,5.9069053497942385e-08,0.475,30.0,0.05,0.06505143508027657,3.4,1.65,6.1e-06,1.1,3.63759,0.67,1.0,1.0,1.124346,3.49,0.79,0.79,1.02,0.44,0.88,0.15,1.53,7.072,0.12,0.97,0.510219804,1.3,0.08,0.14,0,0,0,0,0,0,0,0,0,438175.8748328845,0.0,0.0,0.0,0.0,460741.9323867781,6528.820535009981,6.545,1.0,1.0,585.6289063981479,0.0585628906398148,585.5703435075081,0.052706601575833324,0.058562890639812355,0.0058562890639814805,0.9999,0.1,3.7694835252461893e-23,0.0,438175.8748328845,1.0515,0.0149,438175.8748328845,6528.82053500998,6528.82053500998,0.0,36500.744438429654,657.2638122493267,21908.79374164423,438.1758748328845,394.3582873495961,3505.406998663076,1314.5276244986535,876.351749665769,0.001974839578601396,0.0015421813426925392,7.942233914866584e-05,0.00035323589676019093,1.397116317077838e-27,0.0015421813426925392,7.942233914866584e-05,0.00035323589676019093,1.397116317077838e-27,0.0,0.0,1.7877772906501134e-26,1.0,438175.8748328845,13.366666666666665,default,ScreenZO,screen,,,,,,,,,
0.0015,0.05,0.001,0.9,0.008,0.003,0.002,1.0,5.9069053497942385e-08,0.475,30.0,0.05,0.06505143508027657,3.4,1.65,6.1e-06,1.1,3.63759,0.67,1.0,1.0,1.124346,3.49,0.79,0.79,1.02,0.44,0.88,0.15,1.53,7.072,0.12,0.97,0.510219804,1.3,0.08,0.14,0,0,0,0,0,0,0,0,0,465356.9842754481,0.0,0.0,0.0,0.0,489322.8689656337,6933.819065704177,6.545,1.0,1.0,621.9568840706015,0.062195688407060155,621.8946883821944,0.05597611956635414,0.06219568840715492,0.006219568840706017,0.9999,0.1,3.7694835252461893e-23,0.0,465356.9842754481,1.0515,0.0149,465356.9842754481,6933.819065704176,6933.819065704176,0.0,38764.973909516775,698.0354764131721,23267.849213772406,465.3569842754481,418.8212858479033,3722.855874203585,1396.0709528263442,930.7139685508962,0.001974839578601396,0.0015421813426925392,7.942233914866583e-05,0.0003532358967601909,1.315511929904815e-27,0.0015421813426925392,7.942233914866583e-05,0.0003532358967601909,1.315511929904815e-27,0.0,0.0,1.6833547250970252e-26,1.0,465356.9842754481,14.195833333333331,default,ScreenZO,screen,,,,,,,,,
0.0015,0.05,0.001,0.9,0.008,0.003,0.002,1.0,5.9069053497942385e-08,0.475,30.0,0.05,0.06505143508027657,3.4,1.65,6.1e-06,1.1,3.63759,0.67,1.0,1.0,1.124346,3.49,0.79,0.79,1.02,0.44,0.88,0.15,1.53,7.072,0.12,0.97,0.510219804,1.3,0.08,0.14,0,0,0,0,0,0,0,0,0,492538.0937180117,0.0,0.0,9.860761290552526e-32,6.75508876724537e-29,517903.8055444893,7338.817596398375,6.545,1.0,1.0,658.2848617430552,0.06582848617430553,658.219033256881,0.05924563755687499,0.06582848617427592,0.006582848617430554,0.9999,0.1,3.7694835252461893e-23,0.0,492538.0937180117,1.0515,0.0149,492538.0937180117,7338.817596398374,7338.817596398374,6.75508876724537e-29,41029.203380603896,738.8071405770175,24626.904685900587,492.5380937180117,443.28428434621054,3940.3047497440934,1477.614281154035,985.0761874360234,0.0019748395786013955,0.001542181342692539,7.942233914866598e-05,0.0003532358967601908,1.2429143497464516e-27,0.001542181342692539,7.942233914866598e-05,0.0003532358967601908,1.2429143497464516e-27,3.251395483059344e-36,4.1605490799031317e-35,1.590457445481299e-26,1.0,492538.0937180117,15.024999999999999,default,ScreenZO,screen,,,,,,,,,
0.0015,0.05,0.001,0.9,0.008,0.003,0.002,1.0,5.9069053497942385e-08,0.475,30.0,0.05,0.06505143508027657,3.4,1.65,6.1e-06,1.1,3.63759,0.67,1.0,1.0,1.124346,3.49,0.79,0.79,1.02,0.44,0.88,0.15,1.53,7.072,0.12,0.97,0.510219804,1.3,0.08,0.14,0,0,0,0,0,0,0,0,0,519719.2031605754,0.0,0.0,0.0,0.0,546484.742123345,7743.816127092575,6.545,1.0,1.0,694.612839415509,0.0694612839415509,694.5433781315675,0.06251515554739581,0.06946128394165696,0.006946128394155091,0.9999,0.1,3.7694835252461893e-23,0.0,519719.2031605754,1.0515,0.0149,519719.2031605754,7743.816127092574,7743.816127092574,0.0,43293.43285169104,779.5788047408631,25985.96015802877,519.7192031605754,467.74728284451794,4157.753625284603,1559.1576094817262,1039.4384063211508,0.001974839578601396,0.0015421813426925392,7.942233914866611e-05,0.00035323589676019093,1.1779104192340878e-27,0.0015421813426925392,7.942233914866611e-05,0.00035323589676019093,1.1779104192340878e-27,0.0,0.0,1.5072771480697932e-26,1.0,519719.2031605754,15.854166666666666,default,ScreenZO,screen,,,,,,,,,
0.0015,0.05,0.001,0.9,0.008,0.003,0.002,1.0,5.9069053497942385e-08,0.475,30.0,0.05,0.06505143508027657,3.4,1.65,6.1e-06,1.1,3.63759,0.67,1.0,1.0,1.124346,3.49,0.79,0.79,1.02,0.44,0.88,0.15,1.53,7.072,0.12,0.97,0.510219804,1.3,0.08,0.14,0,0,0,0,0,0,0,0,0,546900.3126031389,0.0,0.0,0.0,0.0,575065.6787022005,8148.81465778677,6.545,1.0,1.0,730.9408170879626,0.07309408170879628,730.8677230062539,0.06578467353791666,0.07309408170879322,0.007309408170879628,0.9999,0.1,3.7694835252461893e-23,0.0,546900.3126031389,1.0515,0.0149,546900.3126031389,8148.814657786769,8148.814657786769,0.0,45557.66232277815,820.3504689047084,27345.015630156944,546.9003126031389,492.210281342825,4375.202500825111,1640.7009378094167,1093.8006252062778,0.001974839578601396,0.001542181342692539,7.942233914866579e-05,0.0003532358967601909,1.1193679183780482e-27,0.001542181342692539,7.942233914866579e-05,0.0003532358967601909,1.1193679183780482e-27,0.0,0.0,1.4323650220793116e-26,1.0,546900.3126031389,16.683333333333334,default,ScreenZO,screen,,,,,,,,,
0.0015,0.05,0.001,0.9,0.008,0.003,0.002,1.0,5.9069053497942385e-08,0.475,30.0,0.05,0.06505143508027657,3.4,1.65,6.1e-06,1.1,3.63759,0.67,1.0,1.0,1.124346,3.49,0.79,0.79,1.02,0.44,0.88,0.15,1.53,7.072,0.12,0.97,0.510219804,1.3,0.08,0.14,0,0,0,0,0,0,0,0,0,574081.4220457026,0.0,0.0,0.0,0.0,603646.6152810563,8553.81318848097,6.545,1.0,1.0,767.2687947604164,0.07672687947604165,767.1920678809404,0.06905419152843749,0.07672687947603822,0.007672687947604165,0.9999,0.1,3.7694835252461893e-23,0.0,574081.4220457026,1.0515,0.0149,574081.4220457026,8553.813188480968,8553.813188480968,0.0,47821.89179386529,861.1221330685539,28704.071102285132,574.0814220457025,516.6732798411324,4592.65137636562,1722.2442661371078,1148.162844091405,0.001974839578601396,0.0015421813426925392,7.942233914866576e-05,0.0003532358967601909,1.0663690566704028e-27,0.0015421813426925392,7.942233914866576e-05,0.0003532358967601909,1.0663690566704028e-27,0.0,0.0,1.3645466448740336e-26,1.0,574081.4220457026,17.5125,default,ScreenZO,screen,,,,,,,,,
0.0015,0.05,0.001,0.9,0.008,0.003,0.002,1.0,5.9069053497942385e-08,0.475,30.0,0.05,0.06505143508027657,3.4,1.65,6.1e-06,1.1,3.63759,0.67,1.0,1.0,1.124346,3.49,0.79,0.79,1.02,0.44,0.88,0.15,1.53,7.072,0.12,0.97,0.510219804,1.3,0.08,0.14,0,0,0,0,0,0,0,0,0,601262.5314882663,0.0,0.0,0.0,0.0,632227.5518599121,8958.81171917517,6.545,1.0,1.0,803.5967724328701,0.08035967724328703,803.5164127556269,0.07232370951895833,0.08035967724328368,0.008035967724328704,0.9999,0.1,3.7694835252461893e-23,0.0,601262.5314882663,1.0515,0.0149,601262.5314882663,8958.811719175168,8958.811719175168,0.0,50086.121264952424,901.8937972323995,30063.126574413316,601.2625314882663,541.1362783394397,4810.10025190613,1803.787594464799,1202.5250629765326,0.001974839578601396,0.0015421813426925392,7.942233914866603e-05,0.00035323589676019093,1.018162004812745e-27,0.0015421813426925392,7.942233914866603e-05,0.00035323589676019093,1.018162004812745e-27,0.0,0.0,1.3028599610189826e-26,1.0,601262.5314882663,18.34166666666667,default,ScreenZO,screen,,,,,,,,,
0.0015,0.05,0.001,0.9,0.008,0.003,0.002,1.0,5.9069053497942385e-08,0.475,30.0,0.05,0.06505143508027657,3.4,1.65,6.1e-06,1.1,3.63759,0.67,1.0,1.0,1.124346,3.49,0.79,0.79,1.02,0.44,0.88,0.15,1.53,7.072,0.12,0.97,0.510219804,1.3,0.08,0.14,0,0,0,0,0,0,0,0,0,628443.6409308298,0.0,0.0,0.0,0.0,660808.4884387676,9363.810249869364,6.545,1.0,1.0,839.9247501053239,0.08399247501053239,839.8407576303134,0.07559322750947915,0.08399247501052864,0.00839924750105324,0.9999,0.1,3.7694835252461893e-23,0.0,628443.6409308298,1.0515,0.0149,628443.6409308298,9363.810249869364,9363.810249869364,0.0,52350.350736039545,942.6654613962447,31422.182046541493,628.4436409308298,565.5992768377469,5027.5491274466385,1885.3309227924894,1256.8872818616596,0.001974839578601396,0.0015421813426925392,7.942233914866602e-05,0.0003532358967601909,9.741250043872427e-28,0.0015421813426925392,7.942233914866602e-05,0.0003532358967601909,9.741250043872427e-28,0.0,0.0,1.2465093563150539e-26,1.0,628443.6409308298,19.170833333333334,default,ScreenZO,screen,,,,,,,,,
0.0015,0.05,0.001,0.9,0.008,0.003,0.002,1.0,5.9069053497942385e-08,0.475,30.0,0.05,0.06505143508027657,3.4,1.65,6.1e-06,1.1,3.63759,0.67,1.0,1.0,1.124346,3.49,0.79,0.79,1.02,0.44,0.88,0.15,1.53,7.072,0.12,0.97,0.510219804,1.3,0.08,0.14,0,0,0,0,0,0,0,0,0,655624.7503733933,0.0,0.0,0.0,0.0,689389.4250176231,9768.808780563562,6.545,1.0,1.0,876.2527277777775,0.08762527277777776,876.1651025049997,0.07886274549999998,0.08762527277780693,0.008762527277777777,0.9999,0.1,3.7694835252461893e-23,0.0,655624.7503733933,1.0515,0.0149,655624.7503733933,9768.80878056356,9768.80878056356,0.0,54614.580207126666,983.43712556009,32781.237518669666,655.6247503733933,590.062275336054,5244.998002987147,1966.87425112018,1311.2495007467867,0.0019748395786013955,0.0015421813426925385,7.942233914866599e-05,0.00035323589676019077,9.337394052470214e-28,0.0015421813426925385,7.942233914866599e-05,0.00035323589676019077,9.337394052470214e-28,0.0,0.0,1.1948311559178255e-26,1.0,655624.7503733933,20.0,default,ScreenZO,screen,,,,,,,,,
0.0015,0.05,0.001,0.9,0.008,0.003,0.002,1.0,5.9069053497942385e-08,0.475,30.0,0.05,0.06505143508027657,3.4,1.65,6.1e-06,1.1,3.63759,0.67,1.0,1.0,1.124346,3.49,0.79,0.79,1.02,0.44,0.88,0.15,1.53,7.072,0.12,0.97,0.510219804,1.3,0.08,0.14,0,0,0,0,0,0,0,0,0,6495.6435352120225,0.0,0.0,0.0,0.0,6830.169177275442,96.78508867465915,,,,4.381263638888887,0.0004381263638888888,4.380825512524998,0.0003943137275,0.00043812636388914023,4.381263638888892e-05,0.9999,0.1,3.769483525243404e-21,0.0,6495.6435352120225,1.0515,0.0149,6495.6435352120225,96.78508867465914,96.78508867465914,0.0,541.0973954974986,9.743465302818034,324.78217676060115,6.4956435352120225,5.846079181690821,51.96514828169618,19.48693060563607,12.991287070424045,0.0039131695179345305,0.003055851769805888,0.00015737636614500362,0.0006999413819836387,1.8674788104926634e-23,0.003055851769805888,0.00015737636614500362,0.0006999413819836387,1.8674788104926634e-23,0.0,0.0,2.3896623118338856e-22,1.0,6495.6435352120225,0.1,drum,ScreenZO,screen,12.969,1.0,1.0,,,,,,
0.0015,0.05,0.001,0.9,0.008,0.003,0.002,1.0,5.9069053497942385e-08,0.475,30.0,0.05,0.06505143508027657,3.4,1.65,6.1e-06,1.1,3.63759,0.67,1.0,1.0,1.124346,3.49,0.79,0.79,1.02,0.44,0.88,0.15,1.53,7.072,0.12,0.97,0.510219804,1.3,0.08,0.14,0,0,0,0,0,0,0,0,0,60355.354514678074,0.0,0.0,0.0,0.0,63463.655272184,899.2947822687034,,,,40.70924131134258,0.004070924131134258,40.705170387211446,0.0036638317180256617,0.004070924131186039,0.0004070924131182723,0.9999,0.1,5.218206108982621e-17,0.0,60355.35451467839,1.0515,0.0149,60355.35451467839,899.2947822687033,899.2947822687033,0.0,5027.6966331642325,90.53303177201711,3017.7677257339037,60.355354514678076,54.319819063210275,482.8428361174246,181.06606354403422,120.71070902935615,0.003913169517934511,0.0030558517698058884,0.00015737636614500348,0.0006999413819836388,2.782283887855299e-20,0.0030558517698058884,0.00015737636614500348,0.0006999413819836388,2.782283887855299e-20,0.0,0.0,3.560264732469147e-19,1.0,60355.35451467839,0.9291666666666666,drum,ScreenZO,screen,12.969,1.0,1.0,,,,,,
0.0015,0.05,0.001,0.9,0.008,0.003,0.002,1.0,5.9069053497942385e-08,0.475,30.0,0.05,0.06505143508027657,3.4,1.65,6.1e-06,1.1,3.63759,0.67,1.0,1.0,1.124346,3.49,0.79,0.79,1.02,0.44,0.88,0.15,1.53,7.072,0.12,0.97,0.510219804,1.3,0.08,0.14,0,0,0,0,0,0,0,0,0,114215.06549414413,0.0,0.0,8.077920766362812e-28,5.533758522664532e-25,120097.14136709255,1701.8044758627477,,,,77.03721898379627,0.007703721898379629,77.02951526189788,0.006933349708550804,0.00770372189846856,0.0007703721898471343,0.9999,0.1,5.218206108982621e-17,0.0,114215.06549414473,1.0515,0.0149,114215.06549414473,1701.8044758627475,1701.8044758627475,5.533758522664532e-25,9514.295870830967,171.3225982412162,5710.753274707207,114.21506549414413,102.79355894472972,913.720523953153,342.6451964824324,228.43013098828825,0.00391316951793451,0.0030558517698058884,0.0001573763661450035,0.0006999413819836387,1.470259021307421e-20,0.0030558517698058884,0.0001573763661450035,0.0006999413819836387,1.470259021307421e-20,2.2759997654571434e-31,2.912413694172444e-30,1.8813721216602368e-19,1.0,114215.06549414473,1.7583333333333333,drum,ScreenZO,screen,12.969,1.0,1.0,,,,,,
0.0015,0.05,0.001,0.9,0.008,0.003,0.002,1.0,5.9069053497942385e-08,0.475,30.0,0.05,0.06505143508027657,3.4,1.65,6.1e-06,1.1,3.63759,0.67,1.0,1.0,1.124346,3.49,0.79,0.79,1.02,0.44,0.88,0.15,1.53,7.072,0.12,0.97,0.510219804,1.3,0.08,0.14,0,0,0,0,0,0,0,0,0,168074.77647361025,0.0,0.0,0.0,0.0,176730.6274620012,2504.314169456793,,,,113.36519665624996,0.011336519665624998,113.35386013658434,0.010202867699075946,0.011336519665751414,0.001133651966575996,0.9999,0.1,5.218206108982621e-17,0.0,168074.77647361113,1.0515,0.0149,168074.77647361113,2504.314169456793,2504.314169456793,0.0,14000.895108497707,252.11216471041539,8403.738823680513,168.07477647361026,151.26729882624923,1344.598211788882,504.22432942083077,336.1495529472205,0.003913169517934511,0.003055851769805889,0.00015737636614500337,0.0006999413819836388,9.991132157676837e-21,0.003055851769805889,0.00015737636614500337,0.0006999413819836388,9.991132157676837e-21,0.0,0.0,1.2784847590026084e-19,1.0,168074.77647361113,2.5875,drum,ScreenZO,screen,12.969,1.0,1.0,,,,,,
0.0015,0.05,0.001,0.9,0.008,0.003,0.002,1.0,5.9069053497942385e-08,0.475,30.0,0.05,0.06505143508027657,3.4,1.65,6.1e-06,1.1,3.63759,0.67,1.0,1.0,1.124346,3.49,0.79,0.79,1.02,0.44,0.88,0.15,1.53,7.072,0.12,0.97,0.510219804,1.3,0.08,0.14,0,0,0,0,0,0,0,0,0,221934.4874530774,0.0,0.0,0.0,0.0,233364.11355691092,3306.8238630508536,,,,149.69317432870363,0.014969317432870366,149.67820501127076,0.01347238568958333,0.014969317432875353,0.0014969317432870367,0.9999,0.1,3.7694835252461893e-23,0.0,221934.4874530774,1.0515,0.0149,221934.4874530774,3306.823863050853,3306.823863050853,0.0,18487.494346164534,332.9017311796161,11096.72437265387,221.9344874530774,199.74103870776966,1775.4758996246192,665.8034623592322,443.8689749061548,0.0039131695179345305,0.0030558517698058884,0.00015737636614500354,0.0006999413819836387,5.465791640470372e-27,0.0030558517698058884,0.00015737636614500354,0.0006999413819836387,5.465791640470372e-27,0.0,0.0,6.994133595616542e-26,1.0,221934.4874530774,3.4166666666666665,drum,ScreenZO,screen,12.969,1.0,1.0,,,,,,
0.0015,0.05,0.001,0.9,0.008,0.003,0.002,1.0,5.9069053497942385e-08,0.475,30.0,0.05,0.06505143508027657,3.4,1.65,6.1e-06,1.1,3.63759,0.67,1.0,1.0,1.124346,3.49,0.79,0.79,1.02,0.44,0.88,0.15,1.53,7.072,0.12,0.97,0.510219804,1.3,0.08,0.14,0,0,0,0,0,0,0,0,0,275794.1984325438,0.0,0.0,2.9791728827240054e-36,2.040874602151873e-33,289997.5996518198,4109.333556644902,,,,186.02115200115733,0.018602115200115732,186.00254988595722,0.01674190368010416,0.018602115200114903,0.0018602115200115736,0.9999,0.1,3.7694835252461893e-23,0.0,275794.1984325438,1.0515,0.0149,275794.1984325438,4109.333556644902,4109.333556644902,2.040874602151873e-33,22974.09358383129,413.6912976488157,13789.709921627189,275.7941984325438,248.21477858928944,2206.3535874603504,827.3825952976314,551.5883968650876,0.00391316951793453,0.003055851769805888,0.0001573763661450033,0.0006999413819836387,4.398379926580671e-27,0.003055851769805888,0.0001573763661450033,0.0006999413819836387,4.398379926580671e-27,3.4762147433263966e-40,4.448232190531199e-39,5.628252746227246e-26,1.0,275794.1984325438,4.245833333333333,drum,ScreenZO,screen,12.969,1.0,1.0,,,,,,
0.0015,0.05,0.001,0.9,0.008,0.003,0.002,1.0,5.9069053497942385e-08,0.475,30.0,0.05,0.06505143508027657,3.4,1.65,6.1e-06,1.1,3.63759,0.67,1.0,1.0,1.124346,3.49,0.79,0.79,1.02,0.44,0.88,0.15,1.53,7.072,0.12,0.97,0.510219804,1.3,0.08,0.14,0,0,0,0,0,0,0,0,0,329653.9094120101,0.0,0.0,0.0,0.0,346631.0857467287,4911.843250238951,,,,222.349129673611,0.022234912967361103,222.32689476064365,0.020011421670624994,0.022234912967360108,0.0022234912967361103,0.9999,0.1,3.7694835252461893e-23,0.0,329653.9094120101,1.0515,0.0149,329653.9094120101,4911.8432502389505,4911.8432502389505,0.0,27460.692821498054,494.4808641180152,16482.695470600505,329.65390941201014,296.68851847080913,2637.231275296081,988.9617282360304,659.3078188240203,0.0039131695179345305,0.003055851769805888,0.00015737636614500367,0.0006999413819836387,3.679761202943928e-27,0.003055851769805888,0.00015737636614500367,0.0006999413819836387,3.679761202943928e-27,0.0,0.0,4.7086942105135994e-26,1.0,329653.9094120101,5.074999999999999,drum,ScreenZO,screen,12.969,1.0,1.0,,,,,,
0.0015,0.05,0.001,0.9,0.008,0.003,0.002,1.0,5.9069053497942385e-08,0.475,30.0,0.05,0.06505143508027657,3.4,1.65,6.1e-06,1.1,3.63759,0.67,1.0,1.0,1.124346,3.49,0.79,0.79,1.02,0.44,0.88,0.15,1.53,7.072,0.12,0.97,0.510219804,1.3,0.08,0.14,0,0,0,0,0,0,0,0,0,383513.6203914765,0.0,0.0,0.0,0.0,403264.57184163755,5714.352943833001,,,,258.6771073460647,0.025867710734606475,258.6512396353301,0.02328093966114583,0.025867710734605316,0.002586771073460648,0.9999,0.1,3.7694835252461893e-23,0.0,383513.6203914765,1.0515,0.0149,383513.6203914765,5714.352943833,5714.352943833,0.0,31947.29205916481,575.2704305872147,19175.681019573825,383.5136203914765,345.1622583523289,3068.108963131812,1150.5408611744294,767.027240782953,0.0039131695179345305,0.0030558517698058884,0.00015737636614500348,0.0006999413819836388,3.1629845767012737e-27,0.0030558517698058884,0.00015737636614500348,0.0006999413819836388,3.1629845767012737e-27,0.0,0.0,4.0474167596369543e-26,1.0,383513.6203914765,5.904166666666666,drum,ScreenZO,screen,12.969,1.0,1.0,,,,,,
0.0015,0.05,0.001,0.9,0.008,0.003,0.002,1.0,5.9069053497942385e-08,0.475,30.0,0.05,0.06505143508027657,3.4,1.65,6.1e-06,1.1,3.63759,0.67,1.0,1.0,1.124346,3.49,0.79,0.79,1.02,0.44,0.88,0.15,1.53,7.072,0.12,0.97,0.510219804,1.3,0.08,0.14,0,0,0,0,0,0,0,0,0,437373.33137094276,0.0,0.0,0.0,0.0,459898.05793654633,6516.862637427048,,,,295.00508501851834,0.029500508501851843,294.9755845100165,0.026550457651666654,0.02950050850185052,0.0029500508501851845,0.9999,0.1,3.7694835252461893e-23,0.0,437373.33137094276,1.0515,0.0149,437373.33137094276,6516.862637427047,6516.862637427047,0.0,36433.89129683156,656.0599970564142,21868.666568547138,437.37333137094276,393.6359982338485,3498.986650967542,1312.1199941128284,874.7466627418855,0.0039131695179345305,0.0030558517698058884,0.00015737636614500375,0.0006999413819836387,2.7734833819218474e-27,0.0030558517698058884,0.00015737636614500375,0.0006999413819836387,2.7734833819218474e-27,0.0,0.0,3.549003433419285e-26,1.0,437373.33137094276,6.7333333333333325,drum,ScreenZO,screen,12.969,1.0,1.0,,,,,,
0.0015,0.05,0.001,0.9,0.008,0.003,0.002,1.0,5.9069053497942385e-08,0.475,30.0,0.05,0.06505143508027657,3.4,1.65,6.1e-06,1.1,3.63759,0.67,1.0,1.0,1.124346,3.49,0.79,0.79,1.02,0.44,0.88,0.15,1.53,7.072,0.12,0.97,0.510219804,1.3,0.08,0.14,0,0,0,0,0,0,0,0,0,491233.04235040926,0.0,0.0,0.0,0.0,516531.5440314554,7319.372331021099,,,,331.3330626909721,0.03313330626909721,331.299929384703,0.02981997564218749,0.033133306269147796,0.003313330626909721,0.9999,0.1,3.7694835252461893e-23,0.0,491233.04235040926,1.0515,0.0149,491233.04235040926,7319.372331021098,7319.372331021098,0.0,40920.49053449834,736.8495635256139,24561.652117520465,491.2330423504093,442.1097381153684,3929.864338803274,1473.6991270512278,982.4660847008186,0.003913169517934531,0.003055851769805889,0.00015737636614500392,0.0006999413819836388,2.4693934684218756e-27,0.003055851769805889,0.00015737636614500392,0.0006999413819836388,2.4693934684218756e-27,0.0,0.0,3.1598840487082994e-26,1.0,491233.04235040926,7.562499999999999,drum,ScreenZO,screen,12.969,1.0,1.0,,,,,,
0.0015,0.05,0.001,0.9,0.008,0.003,0.002,1.0,5.9069053497942385e-08,0.475,30.0,0.05,0.06505143508027657,3.4,1.65,6.1e-06,1.1,3.63759,0.67,1.0,1.0,1.124346,3.49,0.79,0.79,1.02,0.44,0.88,0.15,1.53,7.072,0.12,0.97,0.510219804,1.3,0.08,0.14,0,0,0,0,0,0,0,0,0,545092.7533298756,0.0,0.0,0.0,0.0,573165.0301263643,8121.882024615148,,,,367.6610403634258,0.036766104036342576,367.62427425938944,0.03308949363270832,0.0367661040363986,0.0036766104036342583,0.9999,0.1,3.7694835252461893e-23,0.0,545092.7533298756,1.0515,0.0149,545092.7533298756,8121.882024615147,8121.882024615147,0.0,45407.0897721651,817.6391299948135,27254.637666493785,545.0927533298757,490.5834779968881,4360.742026639005,1635.278259989627,1090.1855066597514,0.0039131695179345305,0.003055851769805889,0.00015737636614500375,0.0006999413819836388,2.2253967950276583e-27,0.003055851769805889,0.00015737636614500375,0.0006999413819836388,2.2253967950276583e-27,0.0,0.0,2.847661146179525e-26,1.0,545092.7533298756,8.391666666666666,drum,ScreenZO,screen,12.969,1.0,1.0,,,,,,
0.0015,0.05,0.001,0.9,0.008,0.003,0.002,1.0,5.9069053497942385e-08,0.475,30.0,0.05,0.06505143508027657,3.4,1.65,6.1e-06,1.1,3.63759,0.67,1.0,1.0,1.124346,3.49,0.79,0.79,1.02,0.44,0.88,0.15,1.53,7.072,0.12,0.97,0.510219804,1.3,0.08,0.14,0,0,0,0,0,0,0,0,0,598952.464309342,0.0,0.0,2.9791728827240054e-36,2.0408746021518744e-33,629798.5162212732,8924.391718209197,,,,403.9890180358795,0.040398901803587954,403.9486191340759,0.03635901162322916,0.04039890180364951,0.004039890180358796,0.9999,0.1,3.7694835252461893e-23,0.0,598952.464309342,1.0515,0.0149,598952.464309342,8924.391718209195,8924.391718209195,2.0408746021518744e-33,49893.68900983186,898.428696464013,29947.6232154671,598.952464309342,539.0572178784079,4791.619714474736,1796.857392928026,1197.904928618684,0.003913169517934531,0.003055851769805888,0.00015737636614500362,0.0006999413819836387,2.0252820357820623e-27,0.003055851769805888,0.00015737636614500362,0.0006999413819836387,2.0252820357820623e-27,1.6006610137594217e-40,2.0482370547452744e-39,2.591590396929762e-26,1.0,598952.464309342,9.220833333333333,drum,ScreenZO,screen,12.969,1.0,1.0,,,,,,
0.0015,0.05,0.001,0.9,0.008,0.003,0.002,1.0,5.9069053497942385e-08,0.475,30.0,0.05,0.06505143508027657,3.4,1.65,6.1e-06,1.1,3.63759,0.67,1.0,1.0,1.124346,3.49,0.79,0.79,1.02,0.44,0.88,0.15,1.53,7.072,0.12,0.97,0.510219804,1.3,0.08,0.14,0,0,0,0,0,0,0,0,0,652812.1752888082,0.0,0.0,0.0,0.0,686432.0023161818,9726.901411803245,,,,440.3169957083331,0.04403169957083332,440.2729640087623,0.03962852961374999,0.04403169957083135,0.004403169957083332,0.9999,0.1,3.7694835252461893e-23,0.0,652812.1752888082,1.0515,0.0149,652812.1752888082,9726.901411803243,9726.901411803243,0.0,54380.288247498596,979.2182629332123,32640.60876444041,652.8121752888082,587.5309577599274,5222.497402310466,1958.4365258664245,1305.6243505776165,0.0039131695179345305,0.0030558517698058884,0.00015737636614500354,0.0006999413819836388,1.858187871138352e-27,0.0030558517698058884,0.00015737636614500354,0.0006999413819836388,1.858187871138352e-27,0.0,0.0,2.3777734446125888e-26,1.0,652812.1752888082,10.049999999999999,drum,ScreenZO,screen,12.969,1.0,1.0,,,,,,
0.0015,0.05,0.001,0.9,0.008,0.003,0.002,1.0,5.9069053497942385e-08,0.475,30.0,0.05,0.06505143508027657,3.4,1.65,6.1e-06,1.1,3.63759,0.67,1.0,1.0,1.124346,3.49,0.79,0.79,1.02,0.44,0.88,0.15,1.53,7.072,0.12,0.97,0.510219804,1.3,0.08,0.14,0,0,0,0,0,0,0,0,0,706671.8862682746,0.0,0.0,0.0,0.0,743065.4884110908,10529.411105397292,,,,476.6449733807868,0.04766449733807868,476.5973088834487,0.042898047604270816,0.047664497338076546,0.0047664497338078685,0.9999,0.1,3.7694835252461893e-23,0.0,706671.8862682746,1.0515,0.0149,706671.8862682746,10529.411105397292,10529.411105397292,0.0,58866.88748516537,1060.007829402412,35333.594313413734,706.6718862682746,636.0046976414473,5653.375090146197,2120.015658804824,1413.3437725365493,0.0039131695179345305,0.0030558517698058884,0.00015737636614500346,0.0006999413819836388,1.7165642072714302e-27,0.0030558517698058884,0.00015737636614500346,0.0006999413819836388,1.7165642072714302e-27,0.0,0.0,2.1965490419017863e-26,1.0,706671.8862682746,10.879166666666665,drum,ScreenZO,screen,12.969,1.0,1.0,,,,,,
0.0015,0.05,0.001,0.9,0.008,0.003,0.002,1.0,5.9069053497942385e-08,0.475,30.0,0.05,0.06505143508027657,3.4,1.65,6.1e-06,1.1,3.63759,0.67,1.0,1.0,1.124346,3.49,0.79,0.79,1.02,0.44,0.88,0.15,1.53,7.072,0.12,0.97,0.510219804,1.3,0.08,0.14,0,0,0,0,0,0,0,0,0,760531.5972477411,0.0,0.0,0.0,0.0,799698.9745059998,11331.920798991343,,,,512.9729510532405,0.05129729510532406,512.9216537581352,0.046167565594791654,0.051297295105321924,0.005129729510532407,0.9999,0.1,3.7694835252461893e-23,0.0,760531.5972477411,1.0515,0.0149,760531.5972477411,11331.920798991341,11331.920798991341,0.0,63353.48672283214,1140.7973958716116,38026.57986238706,760.531597247741,684.478437522967,6084.252777981928,2281.594791743223,1521.063194495482,0.003913169517934531,0.003055851769805889,0.0001573763661450038,0.0006999413819836388,1.5949996957956242e-27,0.003055851769805889,0.0001573763661450038,0.0006999413819836388,1.5949996957956242e-27,0.0,0.0,2.040992721852514e-26,1.0,760531.5972477411,11.708333333333332,drum,ScreenZO,screen,12.969,1.0,1.0,,,,,,
0.0015,0.05,0.001,0.9,0.008,0.003,0.002,1.0,5.9069053497942385e-08,0.475,30.0,0.05,0.06505143508027657,3.4,1.65,6.1e-06,1.1,3.63759,0.67,1.0,1.0,1.124346,3.49,0.79,0.79,1.02,0.44,0.88,0.15,1.53,7.072,0.12,0.97,0.510219804,1.3,0.08,0.14,0,0,0,0,0,0,0,0,0,814391.3082272074,0.0,0.0,0.0,0.0,856332.4606009086,12134.430492585392,,,,549.3009287256942,0.05493009287256943,549.2459986328216,0.04943708358531249,0.05493009287265296,0.005493009287256944,0.9999,0.1,3.7694835252461893e-23,0.0,814391.3082272074,1.0515,0.0149,814391.3082272074,12134.43049258539,12134.43049258539,0.0,67840.0859604989,1221.5869623408112,40719.565411360374,814.3913082272074,732.9521774044867,6515.13046581766,2443.1739246816223,1628.782616454415,0.0039131695179345305,0.0030558517698058875,0.00015737636614500367,0.0006999413819836387,1.4895145048805925e-27,0.0030558517698058875,0.00015737636614500367,0.0006999413819836387,1.4895145048805925e-27,0.0,0.0,1.9060118140264417e-26,1.0,814391.3082272074,12.5375,drum,ScreenZO,screen,12.969,1.0,1.0,,,,,,
0.0015,0.05,0.001,0.9,0.008,0.003,0.002,1.0,5.9069053497942385e-08,0.475,30.0,0.05,0.06505143508027657,3.4,1.65,6.1e-06,1.1,3.63759,0.67,1.0,1.0,1.124346,3.49,0.79,0.79,1.02,0.44,0.88,0.15,1.53,7.072,0.12,0.97,0.510219804,1.3,0.08,0.14,0,0,0,0,0,0,0,0,0,868251.0192066736,0.0,0.0,0.0,0.0,912965.9466958174,12936.940186179438,,,,585.6289063981479,0.0585628906398148,585.5703435075081,0.052706601575833324,0.058562890639812355,0.0058562890639814805,0.9999,0.1,3.7694835252461893e-23,0.0,868251.0192066736,1.0515,0.0149,868251.0192066736,12936.940186179438,12936.940186179438,0.0,72326.68519816564,1302.3765288100105,43412.55096033368,868.2510192066736,781.4259172860063,6946.008153653389,2604.753057620021,1736.5020384133472,0.0039131695179345305,0.0030558517698058884,0.00015737636614500364,0.0006999413819836388,1.397116317077838e-27,0.0030558517698058884,0.00015737636614500364,0.0006999413819836388,1.397116317077838e-27,0.0,0.0,1.7877772906501134e-26,1.0,868251.0192066736,13.366666666666665,drum,ScreenZO,screen,12.969,1.0,1.0,,,,,,
0.0015,0.05,0.001,0.9,0.008,0.003,0.002,1.0,5.9069053497942385e-08,0.475,30.0,0.05,0.06505143508027657,3.4,1.65,6.1e-06,1.1,3.63759,0.67,1.0,1.0,1.124346,3.49,0.79,0.79,1.02,0.44,0.88,0.15,1.53,7.072,0.12,0.97,0.510219804,1.3,0.08,0.14,0,0,0,0,0,0,0,0,0,922110.73018614,0.0,0.0,9.860761290265605e-32,6.755088767048816e-29,969599.4327907264,13739.449879773489,,,,621.9568840706015,0.062195688407060155,621.8946883821944,0.05597611956635414,0.06219568840715492,0.006219568840706017,0.9999,0.1,3.7694835252461893e-23,0.0,922110.73018614,1.0515,0.0149,922110.73018614,13739.449879773487,13739.449879773487,6.755088767048816e-29,76813.28443583241,1383.1660952792101,46105.53650930701,922.11073018614,829.8996571675261,7376.88584148912,2766.3321905584203,1844.22146037228,0.003913169517934531,0.0030558517698058884,0.00015737636614500356,0.0006999413819836388,1.315511929904815e-27,0.0030558517698058884,0.00015737636614500356,0.0006999413819836388,1.315511929904815e-27,3.441306754203359e-36,4.4035632467549606e-35,1.6833547250970252e-26,1.0,922110.73018614,14.195833333333331,drum,ScreenZO,screen,12.969,1.0,1.0,,,,,,
0.0015,0.05,0.001,0.9,0.008,0.003,0.002,1.0,5.9069053497942385e-08,0.475,30.0,0.05,0.06505143508027657,3.4,1.65,6.1e-06,1.1,3.63759,0.67,1.0,1.0,1.124346,3.49,0.79,0.79,1.02,0.44,0.88,0.15,1.53,7.072,0.12,0.97,0.510219804,1.3,0.08,0.14,0,0,0,0,0,0,0,0,0,975970.4411656064,0.0,0.0,9.860761290552565e-32,6.755088767245397e-29,1026232.9188856351,14541.959573367538,,,,658.2848617430552,0.06582848617430553,658.219033256881,0.05924563755687499,0.06582848617427592,0.006582848617430554,0.9999,0.1,3.7694835252461893e-23,0.0,975970.4411656064,1.0515,0.0149,975970.4411656064,14541.959573367534,14541.959573367534,6.755088767245397e-29,81299.88367349916,1463.9556617484095,48798.52205828032,975.9704411656064,878.3733970490458,7807.763529324851,2927.911323496819,1951.9408823312128,0.0039131695179345305,0.0030558517698058884,0.00015737636614500348,0.0006999413819836387,1.2429143497464516e-27,0.0030558517698058884,0.00015737636614500348,0.0006999413819836387,1.2429143497464516e-27,3.2513954830593566e-36,4.160549079903148e-35,1.590457445481299e-26,1.0,975970.4411656064,15.024999999999999,drum,ScreenZO,screen,12.969,1.0,1.0,,,,,,
0.0015,0.05,0.001,0.9,0.008,0.003,0.002,1.0,5.9069053497942385e-08,0.475,30.0,0.05,0.06505143508027657,3.4,1.65,6.1e-06,1.1,3.63759,0.67,1.0,1.0,1.124346,3.49,0.79,0.79,1.02,0.44,0.88,0.15,1.53,7.072,0.12,0.97,0.510219804,1.3,0.08,0.14,0,0,0,0,0,0,0,0,0,1029830.1521450728,0.0,0.0,0.0,0.0,1082866.4049805442,15344.469266961587,,,,694.612839415509,0.0694612839415509,694.5433781315675,0.06251515554739581,0.06946128394165696,0.006946128394155091,0.9999,0.1,3.7694835252461893e-23,0.0,1029830.1521450728,1.0515,0.0149,1029830.1521450728,15344.469266961585,15344.469266961585,0.0,85786.48291116593,1544.7452282176093,51491.50760725365,1029.8301521450728,926.8471369305656,8238.641217160583,3089.4904564352187,2059.6603042901456,0.0039131695179345305,0.003055851769805888,0.00015737636614500375,0.0006999413819836387,1.1779104192340878e-27,0.003055851769805888,0.00015737636614500375,0.0006999413819836387,1.1779104192340878e-27,0.0,0.0,1.5072771480697932e-26,1.0,1029830.1521450728,15.854166666666666,drum,ScreenZO,screen,12.969,1.0,1.0,,,,,,
0.0015,0.05,0.001,0.9,0.008,0.003,0.002,1.0,5.9069053497942385e-08,0.475,30.0,0.05,0.06505143508027657,3.4,1.65,6.1e-06,1.1,3.63759,0.67,1.0,1.0,1.124346,3.49,0.79,0.79,1.02,0.44,0.88,0.15,1.53,7.072,0.12,0.97,0.510219804,1.3,0.08,0.14,0,0,0,0,0,0,0,0,0,1083689.863124539,0.0,0.0,0.0,0.0,1139499.8910754528,16146.97896055563,,,,730.9408170879626,0.07309408170879628,730.8677230062539,0.06578467353791666,0.07309408170879322,0.007309408170879628,0.9999,0.1,3.7694835252461893e-23,0.0,1083689.863124539,1.0515,0.0149,1083689.863124539,16146.97896055563,16146.97896055563,0.0,90273.08214883266,1625.5347946868085,54184.49315622695,1083.689863124539,975.3208768120851,8669.518904996312,3251.069589373617,2167.379726249078,0.0039131695179345305,0.003055851769805888,0.0001573763661450034,0.0006999413819836387,1.1193679183780482e-27,0.003055851769805888,0.0001573763661450034,0.0006999413819836387,1.1193679183780482e-27,0.0,0.0,1.4323650220793116e-26,1.0,1083689.863124539,16.683333333333334,drum,ScreenZO,screen,12.969,1.0,1.0,,,,,,
0.0015,0.05,0.001,0.9,0.008,0.003,0.002,1.0,5.9069053497942385e-08,0.475,30.0,0.05,0.06505143508027657,3.4,1.65,6.1e-06,1.1,3.63759,0.67,1.0,1.0,1.124346,3.49,0.79,0.79,1.02,0.44,0.88,0.15,1.53,7.072,0.12,0.97,0.510219804,1.3,0.08,0.14,0,0,0,0,0,0,0,0,0,1137549.5741040055,0.0,0.0,0.0,0.0,1196133.3771703618,16949.488654149685,,,,767.2687947604164,0.07672687947604165,767.1920678809404,0.06905419152843749,0.07672687947603822,0.007672687947604165,0.9999,0.1,3.7694835252461893e-23,0.0,1137549.5741040055,1.0515,0.0149,1137549.5741040055,16949.48865414968,16949.48865414968,0.0,94759.68138649943,1706.3243611560083,56877.47870520028,1137.5495741040054,1023.794616693605,9100.396592832043,3412.6487223120166,2275.099148208011,0.00391316951793453,0.003055851769805888,0.000157376366145003,0.0006999413819836387,1.0663690566704028e-27,0.003055851769805888,0.000157376366145003,0.0006999413819836387,1.0663690566704028e-27,0.0,0.0,1.3645466448740336e-26,1.0,1137549.5741040055,17.5125,drum,ScreenZO,screen,12.969,1.0,1.0,,,,,,
0.0015,0.05,0.001,0.9,0.008,0.003,0.002,1.0,5.9069053497942385e-08,0.475,30.0,0.05,0.06505143508027657,3.4,1.65,6.1e-06,1.1,3.63759,0.67,1.0,1.0,1.124346,3.49,0.79,0.79,1.02,0.44,0.88,0.15,1.53,7.072,0.12,0.97,0.510219804,1.3,0.08,0.14,0,0,0,0,0,0,0,0,0,1191409.285083472,0.0,0.0,0.0,0.0,1252766.8632652708,17751.998347743734,,,,803.5967724328701,0.08035967724328703,803.5164127556269,0.07232370951895833,0.08035967724328368,0.008035967724328704,0.9999,0.1,3.7694835252461893e-23,0.0,1191409.285083472,1.0515,0.0149,1191409.285083472,17751.998347743734,17751.998347743734,0.0,99246.28062416622,1787.1139276252081,59570.4642541736,1191.409285083472,1072.268356575125,9531.274280667776,3574.2278552504163,2382.818570166944,0.0039131695179345305,0.0030558517698058884,0.0001573763661450038,0.0006999413819836388,1.018162004812745e-27,0.0030558517698058884,0.0001573763661450038,0.0006999413819836388,1.018162004812745e-27,0.0,0.0,1.3028599610189826e-26,1.0,1191409.285083472,18.34166666666667,drum,ScreenZO,screen,12.969,1.0,1.0,,,,,,
0.0015,0.05,0.001,0.9,0.008,0.003,0.002,1.0,5.9069053497942385e-08,0.475,30.0,0.05,0.06505143508027657,3.4,1.65,6.1e-06,1.1,3.63759,0.67,1.0,1.0,1.124346,3.49,0.79,0.79,1.02,0.44,0.88,0.15,1.53,7.072,0.12,0.97,0.510219804,1.3,0.08,0.14,0,0,0,0,0,0,0,0,0,1245268.9960629384,0.0,0.0,0.0,0.0,1309400.3493601796,18554.508041337784,,,,839.9247501053239,0.08399247501053239,839.8407576303134,0.07559322750947915,0.08399247501052864,0.00839924750105324,0.9999,0.1,3.7694835252461893e-23,0.0,1245268.9960629384,1.0515,0.0149,1245268.9960629384,18554.50804133778,18554.50804133778,0.0,103732.87986183297,1867.9034940944075,62263.44980314692,1245.2689960629384,1120.7420964566447,9962.151968503507,3735.806988188815,2490.537992125877,0.0039131695179345305,0.003055851769805888,0.00015737636614500402,0.0006999413819836387,9.741250043872427e-28,0.003055851769805888,0.00015737636614500402,0.0006999413819836387,9.741250043872427e-28,0.0,0.0,1.2465093563150539e-26,1.0,1245268.9960629384,19.170833333333334,drum,ScreenZO,screen,12.969,1.0,1.0,,,,,,
0.0015,0.05,0.001,0.9,0.008,0.003,0.002,1.0,5.9069053497942385e-08,0.475,30.0,0.05,0.06505143508027657,3.4,1.65,6.1e-06,1.1,3.63759,0.67,1.0,1.0,1.124346,3.49,0.79,0.79,1.02,0.44,0.88,0.15,1.53,7.072,0.12,0.97,0.510219804,1.3,0.08,0.14,0,0,0,0,0,0,0,0,0,1299128.7070424047,0.0,0.0,0.0,0.0,1366033.8354550886,19357.017734931833,,,,876.2527277777775,0.08762527277777776,876.1651025049997,0.07886274549999998,0.08762527277780693,0.008762527277777777,0.9999,0.1,3.7694835252461893e-23,0.0,1299128.7070424047,1.0515,0.0149,1299128.7070424047,19357.01773493183,19357.01773493183,0.0,108219.47909949973,1948.693060563607,64956.435352120236,1299.1287070424048,1169.2158363381643,10393.029656339238,3897.386121127214,2598.2574140848096,0.00391316951793453,0.003055851769805888,0.0001573763661450037,0.0006999413819836386,9.337394052470214e-28,0.003055851769805888,0.0001573763661450037,0.0006999413819836386,9.337394052470214e-28,0.0,0.0,1.1948311559178255e-26,1.0,1299128.7070424047,20.0,drum,ScreenZO,screen,12.969,1.0,1.0,,,,,,
0.0015,0.05,0.001,0.9,0.008,0.003,0.002,1.0,5.9069053497942385e-08,0.475,30.0,0.05,0.06505143508027657,3.4,1.65,6.1e-06,1.1,3.63759,0.67,1.0,1.0,1.124346,3.49,0.79,0.79,1.02,0.44,0.88,0.15,1.53,7.072,0.12,0.97,0.510219804,1.3,0.08,0.14,0,0,0,0,0,0,0,0,0,5169.368257145754,0.0,0.0,0.0,0.0,5435.590722388761,77.02358703147175,,,,4.381263638888887,0.0004381263638888888,4.380825512524998,0.0003943137275,0.00043812636388914023,4.381263638888892e-05,0.9999,0.1,3.769483525243404e-21,0.0,5169.368257145754,1.0515,0.0149,5169.368257145754,77.02358703147173,77.02358703147173,0.0,430.61656403189784,7.754052385718631,258.4684128572877,5.169368257145754,4.652431431431179,41.35494605716603,15.508104771437262,10.338736514291508,0.003114181709815891,0.0024319104106844455,0.00012524338615024883,0.0005570279129811963,1.8674788104926634e-23,0.0024319104106844455,0.00012524338615024883,0.0005570279129811963,1.8674788104926634e-23,0.0,0.0,2.3896623118338856e-22,1.0,5169.368257145754,0.1,band,ScreenZO,screen,,,,10.321,1.0,1.0,,,
0.0015,0.05,0.001,0.9,0.008,0.003,0.002,1.0,5.9069053497942385e-08,0.475,30.0,0.05,0.06505143508027657,3.4,1.65,6.1e-06,1.1,3.63759,0.67,1.0,1.0,1.124346,3.49,0.79,0.79,1.02,0.44,0.88,0.15,1.53,7.072,0.12,0.97,0.510219804,1.3,0.08,0.14,0,0,0,0,0,0,0,0,0,48032.04672264573,0.0,0.0,0.0,0.0,50505.69712886199,715.6774961674214,,,,40.70924131134258,0.004070924131134258,40.705170387211446,0.0036638317180256617,0.004070924131186039,0.0004070924131182723,0.9999,0.1,5.218206108982621e-17,0.0,48032.04672264598,1.0515,0.0149,48032.04672264598,715.6774961674214,715.6774961674214,0.0,4001.1455741296977,72.0480700839686,2401.602336132287,48.03204672264573,43.22884205038116,384.25637378116585,144.0961401679372,96.06409344529146,0.003114181709815875,0.002431910410684446,0.0001252433861502493,0.0005570279129811964,2.782283887855299e-20,0.002431910410684446,0.0001252433861502493,0.0005570279129811964,2.782283887855299e-20,0.0,0.0,3.560264732469147e-19,1.0,48032.04672264598,0.9291666666666666,band,ScreenZO,screen,,,,10.321,1.0,1.0,,,
0.0015,0.05,0.001,0.9,0.008,0.003,0.002,1.0,5.9069053497942385e-08,0.475,30.0,0.05,0.06505143508027657,3.4,1.65,6.1e-06,1.1,3.63759,0.67,1.0,1.0,1.124346,3.49,0.79,0.79,1.02,0.44,0.88,0.15,1.53,7.072,0.12,0.97,0.510219804,1.3,0.08,0.14,0,0,0,0,0,0,0,0,0,90894.7251881457,0.0,0.0,8.077920766362809e-28,5.53375852266453e-25,95575.80353533523,1354.3314053033714,,,,77.03721898379627,0.007703721898379629,77.02951526189788,0.006933349708550804,0.00770372189846856,0.0007703721898471343,0.9999,0.1,5.218206108982621e-17,0.0,90894.72518814619,1.0515,0.0149,90894.72518814619,1354.331405303371,1354.331405303371,5.53375852266453e-25,7571.6745842274995,136.34208778221856,4544.736259407286,90.89472518814571,81.80525266933114,727.1578015051657,272.6841755644371,181.78945037629143,0.0031141817098158755,0.0024319104106844455,0.00012524338615024918,0.0005570279129811964,1.470259021307421e-20,0.0024319104106844455,0.00012524338615024918,0.0005570279129811964,1.470259021307421e-20,2.275999765457143e-31,2.9124136941724428e-30,1.8813721216602368e-19,1.0,90894.72518814619,1.7583333333333333,band,ScreenZO,screen,,,,10.321,1.0,1.0,,,
0.0015,0.05,0.001,0.9,0.008,0.003,0.002,1.0,5.9069053497942385e-08,0.475,30.0,0.05,0.06505143508027657,3.4,1.65,6.1e-06,1.1,3.63759,0.67,1.0,1.0,1.124346,3.49,0.79,0.79,1.02,0.44,0.88,0.15,1.53,7.072,0.12,0.97,0.510219804,1.3,0.08,0.14,0,0,0,0,0,0,0,0,0,133757.4036536457,0.0,0.0,0.0,0.0,140645.9099418085,1992.9853144393212,,,,113.36519665624996,0.011336519665624998,113.35386013658434,0.010202867699075946,0.011336519665751414,0.001133651966575996,0.9999,0.1,5.218206108982621e-17,0.0,133757.4036536464,1.0515,0.0149,133757.4036536464,1992.9853144393212,1992.9853144393212,0.0,11142.203594325301,200.6361054804686,6687.870182682286,133.75740365364572,120.38166328828115,1070.0592292291658,401.2722109609372,267.51480730729145,0.003114181709815875,0.0024319104106844455,0.000125243386150249,0.0005570279129811963,9.991132157676837e-21,0.0024319104106844455,0.000125243386150249,0.0005570279129811963,9.991132157676837e-21,0.0,0.0,1.2784847590026084e-19,1.0,133757.4036536464,2.5875,band,ScreenZO,screen,,,,10.321,1.0,1.0,,,
0.0015,0.05,0.001,0.9,0.008,0.003,0.002,1.0,5.9069053497942385e-08,0.475,30.0,0.05,0.06505143508027657,3.4,1.65,6.1e-06,1.1,3.63759,0.67,1.0,1.0,1.124346,3.49,0.79,0.79,1.02,0.44,0.88,0.15,1.53,7.072,0.12,0.97,0.510219804,1.3,0.08,0.14,0,0,0,0,0,0,0,0,0,176620.08211914563,0.0,0.0,0.0,0.0,185716.01634828167,2631.6392235752705,,,,149.69317432870363,0.014969317432870366,149.67820501127076,0.013472385689601088,0.014969317433066651,0.001496931743304858,0.9999,0.1,5.218206108982621e-17,0.0,176620.08211914657,1.0515,0.0149,176620.08211914657,2631.63922357527,2631.63922357527,0.0,14712.732604423098,264.9301231787185,8831.004105957281,176.62008211914565,158.9580739072311,1412.9606569531652,529.860246357437,353.2401642382913,0.0031141817098158746,0.002431910410684445,0.00012524338615024932,0.0005570279129811963,7.566454963313802e-21,0.002431910410684445,0.00012524338615024932,0.0005570279129811963,7.566454963313802e-21,0.0,0.0,9.68218335781244e-20,1.0,176620.08211914657,3.4166666666666665,band,ScreenZO,screen,,,,10.321,1.0,1.0,,,
0.0015,0.05,0.001,0.9,0.008,0.003,0.002,1.0,5.9069053497942385e-08,0.475,30.0,0.05,0.06505143508027657,3.4,1.65,6.1e-06,1.1,3.63759,0.67,1.0,1.0,1.124346,3.49,0.79,0.79,1.02,0.44,0.88,0.15,1.53,7.072,0.12,0.97,0.510219804,1.3,0.08,0.14,0,0,0,0,0,0,0,0,0,219482.76058464684,0.0,0.0,0.0,0.0,230786.12275475616,3270.2931327112383,,,,186.02115200115733,0.018602115200115732,186.00254988595722,0.01674190368010416,0.018602115200114903,0.0018602115200115736,0.9999,0.1,3.7694835252461893e-23,0.0,219482.76058464684,1.0515,0.0149,219482.76058464684,3270.293132711238,3270.293132711238,0.0,18283.261614520998,329.22414087697024,10974.138029232343,219.48276058464685,197.53448452618218,1755.8620846771748,658.4482817539405,438.9655211692937,0.0031141817098158915,0.002431910410684446,0.00012524338615024918,0.0005570279129811964,4.398379926580671e-27,0.002431910410684446,0.00012524338615024918,0.0005570279129811964,4.398379926580671e-27,0.0,0.0,5.628252746227246e-26,1.0,219482.76058464684,4.245833333333333,band,ScreenZO,screen,,,,10.321,1.0,1.0,,,
0.0015,0.05,0.001,0.9,0.008,0.003,0.002,1.0,5.9069053497942385e-08,0.475,30.0,0.05,0.06505143508027657,3.4,1.65,6.1e-06,1.1,3.63759,0.67,1.0,1.0,1.124346,3.49,0.79,0.79,1.02,0.44,0.88,0.15,1.53,7.072,0.12,0.97,0.510219804,1.3,0.08,0.14,0,0,0,0,0,0,0,0,0,262345.43905014696,0.0,0.0,0.0,0.0,275856.22916122957,3908.94704184719,,,,222.349129673611,0.022234912967361103,222.32689476064365,0.020011421670624994,0.022234912967360108,0.0022234912967361103,0.9999,0.1,3.7694835252461893e-23,0.0,262345.43905014696,1.0515,0.0149,262345.43905014696,3908.9470418471897,3908.9470418471897,0.0,21853.79062461881,393.51815857522047,13117.271952507348,262.345439050147,236.11089514513228,2098.763512401176,787.0363171504409,524.690878100294,0.0031141817098158907,0.002431910410684445,0.00012524338615024934,0.0005570279129811963,3.679761202943928e-27,0.002431910410684445,0.00012524338615024934,0.0005570279129811963,3.679761202943928e-27,0.0,0.0,4.7086942105135994e-26,1.0,262345.43905014696,5.074999999999999,band,ScreenZO,screen,,,,10.321,1.0,1.0,,,
0.0015,0.05,0.001,0.9,0.008,0.003,0.002,1.0,5.9069053497942385e-08,0.475,30.0,0.05,0.06505143508027657,3.4,1.65,6.1e-06,1.1,3.63759,0.67,1.0,1.0,1.124346,3.49,0.79,0.79,1.02,0.44,0.88,0.15,1.53,7.072,0.12,0.97,0.510219804,1.3,0.08,0.14,0,0,0,0,0,0,0,0,0,305208.1175156472,0.0,0.0,0.0,0.0,320926.33556770306,4547.600950983144,,,,258.6771073460647,0.025867710734606475,258.6512396353301,0.02328093966114583,0.025867710734605316,0.002586771073460648,0.9999,0.1,3.7694835252461893e-23,0.0,305208.1175156472,1.0515,0.0149,305208.1175156472,4547.600950983144,4547.600950983144,0.0,25424.31963471663,457.8121762734708,15260.40587578236,305.2081175156472,274.6873057640825,2441.6649401251775,915.6243525469416,610.4162350312944,0.0031141817098158907,0.0024319104106844455,0.00012524338615024926,0.0005570279129811964,3.1629845767012737e-27,0.0024319104106844455,0.00012524338615024926,0.0005570279129811964,3.1629845767012737e-27,0.0,0.0,4.0474167596369543e-26,1.0,305208.1175156472,5.904166666666666,band,ScreenZO,screen,,,,10.321,1.0,1.0,,,
0.0015,0.05,0.001,0.9,0.008,0.003,0.002,1.0,5.9069053497942385e-08,0.475,30.0,0.05,0.06505143508027657,3.4,1.65,6.1e-06,1.1,3.63759,0.67,1.0,1.0,1.124346,3.49,0.79,0.79,1.02,0.44,0.88,0.15,1.53,7.072,0.12,0.97,0.510219804,1.3,0.08,0.14,0,0,0,0,0,0,0,0,0,348070.7959811474,0.0,0.0,9.860761290552533e-32,6.755088767245374e-29,365996.4419741765,5186.254860119097,,,,295.00508501851834,0.029500508501851843,294.9755845100165,0.026550457651666654,0.02950050850185052,0.0029500508501851845,0.9999,0.1,3.7694835252461893e-23,0.0,348070.7959811474,1.0515,0.0149,348070.7959811474,5186.254860119096,5186.254860119096,6.755088767245374e-29,28994.84864481445,522.106193971721,17403.53979905737,348.0707959811474,313.26371638303266,2784.566367849179,1044.212387943442,696.1415919622948,0.003114181709815891,0.0024319104106844455,0.0001252433861502492,0.0005570279129811963,2.7734833819218474e-27,0.0024319104106844455,0.0001252433861502492,0.0005570279129811963,2.7734833819218474e-27,7.255279772222774e-36,9.283997513694744e-35,3.549003433419285e-26,1.0,348070.7959811474,6.7333333333333325,band,ScreenZO,screen,,,,10.321,1.0,1.0,,,
0.0015,0.05,0.001,0.9,0.008,0.003,0.002,1.0,5.9069053497942385e-08,0.475,30.0,0.05,0.06505143508027657,3.4,1.65,6.1e-06,1.1,3.63759,0.67,1.0,1.0,1.124346,3.49,0.79,0.79,1.02,0.44,0.88,0.15,1.53,7.072,0.12,0.97,0.510219804,1.3,0.08,0.14,0,0,0,0,0,0,0,0,0,390933.4744466477,0.0,0.0,2.9791728827240054e-36,2.040874602151873e-33,411066.54838065006,5824.908769255051,,,,331.3330626909721,0.03313330626909721,331.299929384703,0.02981997564218749,0.033133306269147796,0.003313330626909721,0.9999,0.1,3.7694835252461893e-23,0.0,390933.4744466477,1.0515,0.0149,390933.4744466477,5824.90876925505,5824.90876925505,2.040874602151873e-33,32565.377654912278,586.4002116699716,19546.673722332383,390.93347444664766,351.8401270019829,3127.4677955731813,1172.800423339943,781.8669488932953,0.003114181709815891,0.0024319104106844455,0.0001252433861502491,0.0005570279129811963,2.4693934684218756e-27,0.0024319104106844455,0.0001252433861502491,0.0005570279129811963,2.4693934684218756e-27,1.95165995782347e-40,2.4973821499456156e-39,3.1598840487082994e-26,1.0,390933.4744466477,7.562499999999999,band,ScreenZO,screen,,,,10.321,1.0,1.0,,,
0.0015,0.05,0.001,0.9,0.008,0.003,0.002,1.0,5.9069053497942385e-08,0.475,30.0,0.05,0.06505143508027657,3.4,1.65,6.1e-06,1.1,3.63759,0.67,1.0,1.0,1.124346,3.49,0.79,0.79,1.02,0.44,0.88,0.15,1.53,7.072,0.12,0.97,0.510219804,1.3,0.08,0.14,0,0,0,0,0,0,0,0,0,433796.15291214787,0.0,0.0,0.0,0.0,456136.6547871235,6463.562678391004,,,,367.6610403634258,0.036766104036342576,367.62427425938944,0.03308949363270832,0.0367661040363986,0.0036766104036342583,0.9999,0.1,3.7694835252461893e-23,0.0,433796.15291214787,1.0515,0.0149,433796.15291214787,6463.562678391003,6463.562678391003,0.0,36135.906665010094,650.6942293682218,21689.807645607394,433.7961529121479,390.4165376209331,3470.369223297183,1301.3884587364437,867.5923058242957,0.0031141817098158907,0.0024319104106844455,0.00012524338615024937,0.0005570279129811963,2.2253967950276583e-27,0.0024319104106844455,0.00012524338615024937,0.0005570279129811963,2.2253967950276583e-27,0.0,0.0,2.847661146179525e-26,1.0,433796.15291214787,8.391666666666666,band,ScreenZO,screen,,,,10.321,1.0,1.0,,,
0.0015,0.05,0.001,0.9,0.008,0.003,0.002,1.0,5.9069053497942385e-08,0.475,30.0,0.05,0.06505143508027657,3.4,1.65,6.1e-06,1.1,3.63759,0.67,1.0,1.0,1.124346,3.49,0.79,0.79,1.02,0.44,0.88,0.15,1.53,7.072,0.12,0.97,0.510219804,1.3,0.08,0.14,0,0,0,0,0,0,0,0,0,476658.8313776481,0.0,0.0,9.860761290552539e-32,6.755088767245379e-29,501206.761193597,7102.2165875269575,,,,403.9890180358795,0.040398901803587954,403.9486191340759,0.03635901162322916,0.04039890180364951,0.004039890180358796,0.9999,0.1,3.7694835252461893e-23,0.0,476658.8313776481,1.0515,0.0149,476658.8313776481,7102.216587526957,7102.216587526957,6.755088767245379e-29,39706.43567510792,714.9882470664721,23832.94156888241,476.65883137764814,428.99294823988333,3813.270651021185,1429.9764941329443,953.3176627552963,0.003114181709815891,0.0024319104106844455,0.0001252433861502493,0.0005570279129811963,2.0252820357820623e-27,0.0024319104106844455,0.0001252433861502493,0.0005570279129811963,2.0252820357820623e-27,5.2980262593366506e-36,6.779457741586404e-35,2.591590396929762e-26,1.0,476658.8313776481,9.220833333333333,band,ScreenZO,screen,,,,10.321,1.0,1.0,,,
0.0015,0.05,0.001,0.9,0.008,0.003,0.002,1.0,5.9069053497942385e-08,0.475,30.0,0.05,0.06505143508027657,3.4,1.65,6.1e-06,1.1,3.63759,0.67,1.0,1.0,1.124346,3.49,0.79,0.79,1.02,0.44,0.88,0.15,1.53,7.072,0.12,0.97,0.510219804,1.3,0.08,0.14,0,0,0,0,0,0,0,0,0,519521.5098431483,0.0,0.0,0.0,0.0,546276.8676000705,7740.87049666291,,,,440.3169957083331,0.04403169957083332,440.2729640087623,0.03962852961374999,0.04403169957083135,0.004403169957083332,0.9999,0.1,3.7694835252461893e-23,0.0,519521.5098431483,1.0515,0.0149,519521.5098431483,7740.870496662909,7740.870496662909,0.0,43276.964685205734,779.2822647647224,25976.075492157415,519.5215098431484,467.5693588588335,4156.172078745187,1558.5645295294448,1039.0430196862967,0.0031141817098158915,0.0024319104106844455,0.00012524338615024902,0.0005570279129811964,1.858187871138352e-27,0.0024319104106844455,0.00012524338615024902,0.0005570279129811964,1.858187871138352e-27,0.0,0.0,2.3777734446125888e-26,1.0,519521.5098431483,10.049999999999999,band,ScreenZO,screen,,,,10.321,1.0,1.0,,,
0.0015,0.05,0.001,0.9,0.008,0.003,0.002,1.0,5.9069053497942385e-08,0.475,30.0,0.05,0.06505143508027657,3.4,1.65,6.1e-06,1.1,3.63759,0.67,1.0,1.0,1.124346,3.49,0.79,0.79,1.02,0.44,0.88,0.15,1.53,7.072,0.12,0.97,0.510219804,1.3,0.08,0.14,0,0,0,0,0,0,0,0,0,562384.1883086484,0.0,0.0,0.0,0.0,591346.9740065439,8379.524405798862,,,,476.6449733807868,0.04766449733807868,476.5973088834487,0.042898047604270816,0.047664497338076546,0.0047664497338078685,0.9999,0.1,3.7694835252461893e-23,0.0,562384.1883086484,1.0515,0.0149,562384.1883086484,8379.524405798862,8379.524405798862,0.0,46847.49369530354,843.5762824629726,28119.209415432422,562.3841883086484,506.14576947778363,4499.073506469187,1687.1525649259452,1124.7683766172968,0.0031141817098158907,0.002431910410684445,0.0001252433861502492,0.0005570279129811964,1.7165642072714302e-27,0.002431910410684445,0.0001252433861502492,0.0005570279129811964,1.7165642072714302e-27,0.0,0.0,2.1965490419017863e-26,1.0,562384.1883086484,10.879166666666665,band,ScreenZO,screen,,,,10.321,1.0,1.0,,,
0.0015,0.05,0.001,0.9,0.008,0.003,0.002,1.0,5.9069053497942385e-08,0.475,30.0,0.05,0.06505143508027657,3.4,1.65,6.1e-06,1.1,3.63759,0.67,1.0,1.0,1.124346,3.49,0.79,0.79,1.02,0.44,0.88,0.15,1.53,7.072,0.12,0.97,0.510219804,1.3,0.08,0.14,0,0,0,0,0,0,0,0,0,605246.8667741488,0.0,0.0,0.0,0.0,636417.0804130175,9018.178314934818,,,,512.9729510532405,0.05129729510532406,512.9216537581352,0.046167565594791654,0.051297295105321924,0.005129729510532407,0.9999,0.1,3.7694835252461893e-23,0.0,605246.8667741488,1.0515,0.0149,605246.8667741488,9018.178314934818,9018.178314934818,0.0,50418.02270540138,907.8703001612232,30262.34333870744,605.2468667741488,544.722180096734,4841.97493419319,1815.7406003224464,1210.4937335482975,0.0031141817098158915,0.002431910410684446,0.0001252433861502494,0.0005570279129811965,1.5949996957956242e-27,0.002431910410684446,0.0001252433861502494,0.0005570279129811965,1.5949996957956242e-27,0.0,0.0,2.040992721852514e-26,1.0,605246.8667741488,11.708333333333332,band,ScreenZO,screen,,,,10.321,1.0,1.0,,,
0.0015,0.05,0.001,0.9,0.008,0.003,0.002,1.0,5.9069053497942385e-08,0.475,30.0,0.05,0.06505143508027657,3.4,1.65,6.1e-06,1.1,3.63759,0.67,1.0,1.0,1.124346,3.49,0.79,0.79,1.02,0.44,0.88,0.15,1.53,7.072,0.12,0.97,0.510219804,1.3,0.08,0.14,0,0,0,0,0,0,0,0,0,648109.545239649,0.0,0.0,9.860761290552495e-32,6.75508876724535e-29,681487.186819491,9656.832224070771,,,,549.3009287256942,0.05493009287256943,549.2459986328216,0.04943708358531249,0.05493009287265296,0.005493009287256944,0.9999,0.1,3.7694835252461893e-23,0.0,648109.545239649,1.0515,0.0149,648109.545239649,9656.832224070771,9656.832224070771,6.75508876724535e-29,53988.5517154992,972.1643178594735,32405.47726198245,648.109545239649,583.2985907156842,5184.876361917192,1944.328635718947,1296.219090479298,0.0031141817098158907,0.0024319104106844455,0.0001252433861502491,0.0005570279129811964,1.4895145048805925e-27,0.0024319104106844455,0.0001252433861502491,0.0005570279129811964,1.4895145048805925e-27,3.8964879069165687e-36,4.986021928258772e-35,1.9060118140264417e-26,1.0,648109.545239649,12.5375,band,ScreenZO,screen,,,,10.321,1.0,1.0,,,
0.0015,0.05,0.001,0.9,0.008,0.003,0.002,1.0,5.9069053497942385e-08,0.475,30.0,0.05,0.06505143508027657,3.4,1.65,6.1e-06,1.1,3.63759,0.67,1.0,1.0,1.124346,3.49,0.79,0.79,1.02,0.44,0.88,0.15,1.53,7.072,0.12,0.97,0.510219804,1.3,0.08,0.14,0,0,0,0,0,0,0,0,0,690972.223705149,0.0,0.0,9.8607612905526e-32,6.755088767245421e-29,726557.2932259643,10295.486133206723,,,,585.6289063981479,0.0585628906398148,585.5703435075081,0.052706601575833324,0.058562890639812355,0.0058562890639814805,0.9999,0.1,3.7694835252461893e-23,0.0,690972.223705149,1.0515,0.0149,690972.223705149,10295.486133206721,10295.486133206721,6.755088767245421e-29,57559.08072559701,1036.4583355577236,34548.611185257454,690.9722237051491,621.8750013346341,5527.777789641193,2072.916671115447,1381.9444474102982,0.003114181709815891,0.0024319104106844455,0.00012524338615024932,0.0005570279129811963,1.397116317077838e-27,0.0024319104106844455,0.00012524338615024932,0.0005570279129811963,1.397116317077838e-27,3.654779336630949e-36,4.6767269270981315e-35,1.7877772906501134e-26,1.0,690972.223705149,13.366666666666665,band,ScreenZO,screen,,,,10.321,1.0,1.0,,,
0.0015,0.05,0.001,0.9,0.008,0.003,0.002,1.0,5.9069053497942385e-08,0.475,30.0,0.05,0.06505143508027657,3.4,1.65,6.1e-06,1.1,3.63759,0.67,1.0,1.0,1.124346,3.49,0.79,0.79,1.02,0.44,0.88,0.15,1.53,7.072,0.12,0.97,0.510219804,1.3,0.08,0.14,0,0,0,0,0,0,0,0,0,733834.9021706493,0.0,0.0,0.0,0.0,771627.3996324377,10934.140042342675,,,,621.9568840706015,0.062195688407060155,621.8946883821944,0.05597611956635414,0.06219568840715492,0.006219568840706017,0.9999,0.1,3.7694835252461893e-23,0.0,733834.9021706493,1.0515,0.0149,733834.9021706493,10934.140042342675,10934.140042342675,0.0,61129.60973569482,1100.752353255974,36691.745108532465,733.8349021706492,660.4514119535844,5870.679217365194,2201.504706511948,1467.6698043412985,0.003114181709815891,0.0024319104106844455,0.0001252433861502491,0.0005570279129811964,1.315511929904815e-27,0.0024319104106844455,0.0001252433861502491,0.0005570279129811964,1.315511929904815e-27,0.0,0.0,1.6833547250970252e-26,1.0,733834.9021706493,14.195833333333331,band,ScreenZO,screen,,,,10.321,1.0,1.0,,,
0.0015,0.05,0.001,0.9,0.008,0.003,0.002,1.0,5.9069053497942385e-08,0.475,30.0,0.05,0.06505143508027657,3.4,1.65,6.1e-06,1.1,3.63759,0.67,1.0,1.0,1.124346,3.49,0.79,0.79,1.02,0.44,0.88,0.15,1.53,7.072,0.12,0.97,0.510219804,1.3,0.08,0.14,0,0,0,0,0,0,0,0,0,776697.5806361495,0.0,0.0,0.0,0.0,816697.5060389113,11572.793951478629,,,,658.2848617430552,0.06582848617430553,658.219033256881,0.05924563755687499,0.06582848617427592,0.006582848617430554,0.9999,0.1,3.7694835252461893e-23,0.0,776697.5806361495,1.0515,0.0149,776697.5806361495,11572.793951478629,11572.793951478629,0.0,64700.13874579265,1165.0463709542244,38834.879031807475,776.6975806361495,699.0278225725347,6213.580645089196,2330.0927419084487,1553.395161272299,0.0031141817098158907,0.0024319104106844455,0.00012524338615024923,0.0005570279129811964,1.2429143497464516e-27,0.0024319104106844455,0.00012524338615024923,0.0005570279129811964,1.2429143497464516e-27,0.0,0.0,1.590457445481299e-26,1.0,776697.5806361495,15.024999999999999,band,ScreenZO,screen,,,,10.321,1.0,1.0,,,
0.0015,0.05,0.001,0.9,0.008,0.003,0.002,1.0,5.9069053497942385e-08,0.475,30.0,0.05,0.06505143508027657,3.4,1.65,6.1e-06,1.1,3.63759,0.67,1.0,1.0,1.124346,3.49,0.79,0.79,1.02,0.44,0.88,0.15,1.53,7.072,0.12,0.97,0.510219804,1.3,0.08,0.14,0,0,0,0,0,0,0,0,0,819560.2591016499,0.0,0.0,9.860761290552565e-32,6.755088767245397e-29,861767.6124453848,12211.447860614586,,,,694.612839415509,0.0694612839415509,694.5433781315675,0.06251515554739581,0.06946128394165696,0.006946128394155091,0.9999,0.1,3.7694835252461893e-23,0.0,819560.2591016499,1.0515,0.0149,819560.2591016499,12211.447860614582,12211.447860614582,6.755088767245397e-29,68270.66775589048,1229.3403886524748,40978.01295508249,819.5602591016499,737.6042331914849,6556.482072813199,2458.6807773049495,1639.1205182032998,0.003114181709815891,0.0024319104106844455,0.00012524338615024934,0.0005570279129811963,1.1779104192340878e-27,0.0024319104106844455,0.00012524338615024934,0.0005570279129811963,1.1779104192340878e-27,3.081348781054412e-36,3.9429540031881084e-35,1.5072771480697932e-26,1.0,819560.2591016499,15.854166666666666,band,ScreenZO,screen,,,,10.321,1.0,1.0,,,
0.0015,0.05,0.001,0.9,0.008,0.003,0.002,1.0,5.9069053497942385e-08,0.475,30.0,0.05,0.06505143508027657,3.4,1.65,6.1e-06,1.1,3.63759,0.67,1.0,1.0,1.124346,3.49,0.79,0.79,1.02,0.44,0.88,0.15,1.53,7.072,0.12,0.97,0.510219804,1.3,0.08,0.14,0,0,0,0,0,0,0,0,0,862422.9375671499,0.0,0.0,0.0,0.0,906837.7188518582,12850.101769750534,,,,730.9408170879626,0.07309408170879628,730.8677230062539,0.06578467353791666,0.07309408170879322,0.007309408170879628,0.9999,0.1,3.7694835252461893e-23,0.0,862422.9375671499,1.0515,0.0149,862422.9375671499,12850.101769750534,12850.101769750534,0.0,71841.19676598828,1293.634406350725,43121.1468783575,862.4229375671499,776.180643810435,6899.383500537199,2587.26881270145,1724.8458751342998,0.003114181709815891,0.0024319104106844455,0.00012524338615024918,0.0005570279129811964,1.1193679183780482e-27,0.0024319104106844455,0.00012524338615024918,0.0005570279129811964,1.1193679183780482e-27,0.0,0.0,1.4323650220793116e-26,1.0,862422.9375671499,16.683333333333334,band,ScreenZO,screen,,,,10.321,1.0,1.0,,,
0.0015,0.05,0.001,0.9,0.008,0.003,0.002,1.0,5.9069053497942385e-08,0.475,30.0,0.05,0.06505143508027657,3.4,1.65,6.1e-06,1.1,3.63759,0.67,1.0,1.0,1.124346,3.49,0.79,0.79,1.02,0.44,0.88,0.15,1.53,7.072,0.12,0.97,0.510219804,1.3,0.08,0.14,0,0,0,0,0,0,0,0,0,905285.6160326503,0.0,0.0,9.8607612905526e-32,6.755088767245421e-29,951907.8252583318,13488.755678886491,,,,767.2687947604164,0.07672687947604165,767.1920678809404,0.06905419152843749,0.07672687947603822,0.007672687947604165,0.9999,0.1,3.7694835252461893e-23,0.0,905285.6160326503,1.0515,0.0149,905285.6160326503,13488.75567888649,13488.75567888649,6.755088767245421e-29,75411.72577608612,1357.9284240489756,45264.28080163252,905.2856160326504,814.7570544293853,7242.284928261203,2715.856848097951,1810.5712320653008,0.003114181709815891,0.0024319104106844455,0.0001252433861502493,0.0005570279129811963,1.0663690566704028e-27,0.0024319104106844455,0.0001252433861502493,0.0005570279129811963,1.0663690566704028e-27,2.7895627199410137e-36,3.569578867982585e-35,1.3645466448740336e-26,1.0,905285.6160326503,17.5125,band,ScreenZO,screen,,,,10.321,1.0,1.0,,,
0.0015,0.05,0.001,0.9,0.008,0.003,0.002,1.0,5.9069053497942385e-08,0.475,30.0,0.05,0.06505143508027657,3.4,1.65,6.1e-06,1.1,3.63759,0.67,1.0,1.0,1.124346,3.49,0.79,0.79,1.02,0.44,0.88,0.15,1.53,7.072,0.12,0.97,0.510219804,1.3,0.08,0.14,0,0,0,0,0,0,0,0,0,948148.2944981507,0.0,0.0,0.0,0.0,996977.9316648056,14127.409588022449,,,,803.5967724328701,0.08035967724328703,803.5164127556269,0.07232370951895833,0.08035967724328368,0.008035967724328704,0.9999,0.1,3.7694835252461893e-23,0.0,948148.2944981507,1.0515,0.0149,948148.2944981507,14127.409588022445,14127.409588022445,0.0,78982.25478618397,1422.2224417472262,47407.41472490754,948.1482944981507,853.3334650483357,7585.186355985205,2844.4448834944524,1896.2965889963014,0.003114181709815892,0.002431910410684446,0.0001252433861502491,0.0005570279129811964,1.018162004812745e-27,0.002431910410684446,0.0001252433861502491,0.0005570279129811964,1.018162004812745e-27,0.0,0.0,1.3028599610189826e-26,1.0,948148.2944981507,18.34166666666667,band,ScreenZO,screen,,,,10.321,1.0,1.0,,,
0.0015,0.05,0.001,0.9,0.008,0.003,0.002,1.0,5.9069053497942385e-08,0.475,30.0,0.05,0.06505143508027657,3.4,1.65,6.1e-06,1.1,3.63759,0.67,1.0,1.0,1.124346,3.49,0.79,0.79,1.02,0.44,0.88,0.15,1.53,7.072,0.12,0.97,0.510219804,1.3,0.08,0.14,0,0,0,0,0,0,0,0,0,991010.9729636507,0.0,0.0,0.0,0.0,1042048.0380712787,14766.063497158397,,,,839.9247501053239,0.08399247501053239,839.8407576303134,0.07559322750947915,0.08399247501052864,0.00839924750105324,0.9999,0.1,3.7694835252461893e-23,0.0,991010.9729636507,1.0515,0.0149,991010.9729636507,14766.063497158395,14766.063497158395,0.0,82552.78379628174,1486.5164594454761,49550.548648182536,991.0109729636507,891.9098756672857,7928.087783709206,2973.0329188909523,1982.0219459273014,0.0031141817098158902,0.002431910410684445,0.00012524338615024948,0.0005570279129811963,9.741250043872427e-28,0.002431910410684445,0.00012524338615024948,0.0005570279129811963,9.741250043872427e-28,0.0,0.0,1.2465093563150539e-26,1.0,991010.9729636507,19.170833333333334,band,ScreenZO,screen,,,,10.321,1.0,1.0,,,
0.0015,0.05,0.001,0.9,0.008,0.003,0.002,1.0,5.9069053497942385e-08,0.475,30.0,0.05,0.06505143508027657,3.4,1.65,6.1e-06,1.1,3.63759,0.67,1.0,1.0,1.124346,3.49,0.79,0.79,1.02,0.44,0.88,0.15,1.53,7.072,0.12,0.97,0.510219804,1.3,0.08,0.14,0,0,0,0,0,0,0,0,0,1033873.651429151,0.0,0.0,0.0,0.0,1087118.1444777523,15404.71740629435,,,,876.2527277777775,0.08762527277777776,876.1651025049997,0.07886274549999998,0.08762527277780693,0.008762527277777777,0.9999,0.1,3.7694835252461893e-23,0.0,1033873.651429151,1.0515,0.0149,1033873.651429151,15404.717406294349,15404.717406294349,0.0,86123.31280637957,1550.8104771437265,51693.68257145755,1033.8736514291509,930.4862862862359,8270.989211433207,3101.620954287453,2067.7473028583017,0.0031141817098158902,0.0024319104106844455,0.00012524338615024877,0.0005570279129811963,9.337394052470214e-28,0.0024319104106844455,0.00012524338615024877,0.0005570279129811963,9.337394052470214e-28,0.0,0.0,1.1948311559178255e-26,1.0,1033873.651429151,20.0,band,ScreenZO,screen,,,,10.321,1.0,1.0,,,
0.0015,0.05,0.001,0.9,0.008,0.003,0.002,1.0,5.9069053497942385e-08,0.475,30.0,0.05,0.06505143508027657,3.4,1.65,6.1e-06,1.1,3.63759,0.67,1.0,1.0,1.124346,3.49,0.79,0.79,1.02,0.44,0.88,0.15,1.53,7.072,0.12,0.97,0.510219804,1.3,0.08,0.14,0,0,0,0,0,0,0,0,0,4477.631555281206,0.0,0.0,0.0,0.0,4708.229580378188,66.71671017368998,,,,4.381263638888887,0.0004381263638888888,4.381219826252498,0.0003943137275,4.3812636389108816e-05,4.381263638888892e-05,0.99999,0.1,3.769483525243404e-21,0.0,4477.631555281206,1.0515,0.0149,4477.631555281206,66.71671017368996,66.71671017368996,0.0,372.9938010646995,6.716447332921809,223.8815777640603,4.477631555281206,4.029868399753085,35.821052442249645,13.432894665843618,8.955263110562411,0.002697458876812623,0.0021064854064991637,0.00010848399843470726,0.0004824894718787517,1.8674788104926634e-23,0.0021064854064991637,0.00010848399843470726,0.0004824894718787517,1.8674788104926634e-23,0.0,0.0,2.3896623118338856e-22,1.0,4477.631555281206,0.1,micro,ScreenZO,screen,,,,,,,8.9399,1.0,1.0
0.0015,0.05,0.001,0.9,0.008,0.003,0.002,1.0,5.9069053497942385e-08,0.475,30.0,0.05,0.06505143508027657,3.4,1.65,6.1e-06,1.1,3.63759,0.67,1.0,1.0,1.124346,3.49,0.79,0.79,1.02,0.44,0.88,0.15,1.53,7.072,0.12,0.97,0.510219804,1.3,0.08,0.14,0,0,0,0,0,0,0,0,0,41604.659867821,0.0,0.0,0.0,0.0,43747.299851013784,619.909432030533,,,,40.70924131134258,0.004070924131134258,40.70883421892947,0.0036638317180256617,0.0004070924131637592,0.0004070924131182723,0.99999,0.1,5.218206108982621e-17,0.0,41604.65986782122,1.0515,0.0149,41604.65986782122,619.9094320305329,619.9094320305329,0.0,3465.734068226149,62.4069898017315,2080.23299339105,41.604659867821,37.444193881038906,332.837278942568,124.813979603463,83.209319735642,0.0026974588768126093,0.0021064854064991646,0.00010848399843470745,0.0004824894718787518,2.782283887855299e-20,0.0021064854064991646,0.00010848399843470745,0.0004824894718787518,2.782283887855299e-20,0.0,0.0,3.560264732469147e-19,1.0,41604.65986782122,0.9291666666666666,micro,ScreenZO,screen,,,,,,,8.9399,1.0,1.0
0.0015,0.05,0.001,0.9,0.008,0.003,0.002,1.0,5.9069053497942385e-08,0.475,30.0,0.05,0.06505143508027657,3.4,1.65,6.1e-06,1.1,3.63759,0.67,1.0,1.0,1.124346,3.49,0.79,0.79,1.02,0.44,0.88,0.15,1.53,7.072,0.12,0.97,0.510219804,1.3,0.08,0.14,0,0,0,0,0,0,0,0,0,78731.6881803608,0.0,0.0,0.0,0.0,82786.37012164938,1173.1021538873758,,,,77.03721898379627,0.007703721898379629,77.03644861160643,0.006933349708550804,0.0007703721899332125,0.0007703721898471343,0.99999,0.1,5.218206108982621e-17,0.0,78731.6881803612,1.0515,0.0149,78731.6881803612,1173.1021538873758,1173.1021538873758,0.0,6558.474335387598,118.0975322705412,3936.58440901804,78.7316881803608,70.85851936232473,629.8535054428864,236.1950645410824,157.4633763607216,0.002697458876812609,0.002106485406499164,0.0001084839984347072,0.00048248947187875174,1.470259021307421e-20,0.002106485406499164,0.0001084839984347072,0.00048248947187875174,1.470259021307421e-20,0.0,0.0,1.8813721216602368e-19,1.0,78731.6881803612,1.7583333333333333,micro,ScreenZO,screen,,,,,,,8.9399,1.0,1.0
0.0015,0.05,0.001,0.9,0.008,0.003,0.002,1.0,5.9069053497942385e-08,0.475,30.0,0.05,0.06505143508027657,3.4,1.65,6.1e-06,1.1,3.63759,0.67,1.0,1.0,1.124346,3.49,0.79,0.79,1.02,0.44,0.88,0.15,1.53,7.072,0.12,0.97,0.510219804,1.3,0.08,0.14,0,0,0,0,0,0,0,0,0,115858.71649290061,0.0,0.0,0.0,0.0,121825.44039228502,1726.2948757442193,,,,113.36519665624996,0.011336519665624998,113.3640630042834,0.010202867699075946,0.0011336519667026308,0.001133651966575996,0.99999,0.1,5.218206108982621e-17,0.0,115858.71649290122,1.0515,0.0149,115858.71649290122,1726.294875744219,1726.294875744219,0.0,9651.214602549051,173.78807473935092,5792.935824645031,115.85871649290061,104.27284484361056,926.8697319432049,347.57614947870184,231.71743298580122,0.0026974588768126093,0.002106485406499164,0.00010848399843470709,0.00048248947187875174,9.991132157676837e-21,0.002106485406499164,0.00010848399843470709,0.00048248947187875174,9.991132157676837e-21,0.0,0.0,1.2784847590026084e-19,1.0,115858.71649290122,2.5875,micro,ScreenZO,screen,,,,,,,8.9399,1.0,1.0
0.0015,0.05,0.001,0.9,0.008,0.003,0.002,1.0,5.9069053497942385e-08,0.475,30.0,0.05,0.06505143508027657,3.4,1.65,6.1e-06,1.1,3.63759,0.67,1.0,1.0,1.124346,3.49,0.79,0.79,1.02,0.44,0.88,0.15,1.53,7.072,0.12,0.97,0.510219804,1.3,0.08,0.14,0,0,0,0,0,0,0,0,0,152985.7448054404,0.0,0.0,0.0,0.0,160864.51066292057,2279.4875976010617,,,,149.69317432870363,0.014969317432870366,149.69167739696036,0.013472385689601088,0.0014969317434486427,0.001496931743304858,0.99999,0.1,5.218206108982621e-17,0.0,152985.74480544118,1.0515,0.0149,152985.74480544118,2279.4875976010617,2279.4875976010617,0.0,12743.954869710498,229.47861720816059,7649.28724027202,152.9857448054404,137.68717032489636,1223.8859584435231,458.95723441632117,305.9714896108808,0.0026974588768126093,0.002106485406499164,0.00010848399843470707,0.00048248947187875174,7.566454963313802e-21,0.002106485406499164,0.00010848399843470707,0.00048248947187875174,7.566454963313802e-21,0.0,0.0,9.68218335781244e-20,1.0,152985.74480544118,3.4166666666666665,micro,ScreenZO,screen,,,,,,,8.9399,1.0,1.0
0.0015,0.05,0.001,0.9,0.008,0.003,0.002,1.0,5.9069053497942385e-08,0.475,30.0,0.05,0.06505143508027657,3.4,1.65,6.1e-06,1.1,3.63759,0.67,1.0,1.0,1.124346,3.49,0.79,0.79,1.02,0.44,0.88,0.15,1.53,7.072,0.12,0.97,0.510219804,1.3,0.08,0.14,0,0,0,0,0,0,0,0,0,190112.77311798022,0.0,0.0,8.077920766362812e-28,5.533758522664532e-25,199903.58093355622,2832.6803194579056,,,,186.02115200115733,0.018602115200115732,186.01929178963732,0.016741903680126225,0.0018602115202415721,0.0018602115200337195,0.99999,0.1,5.218206108982621e-17,0.0,190112.7731179812,1.0515,0.0149,190112.7731179812,2832.680319457905,2832.680319457905,5.533758522664532e-25,15836.695136871951,285.1691596769703,9505.63865589901,190.11277311798023,171.1014958061822,1520.9021849438418,570.3383193539406,380.22554623596045,0.0026974588768126093,0.002106485406499164,0.0001084839984347075,0.0004824894718787518,6.0888057604684174e-21,0.002106485406499164,0.0001084839984347075,0.0004824894718787518,6.0888057604684174e-21,9.425632002187583e-32,1.2061222560753399e-30,7.791354615707752e-20,1.0,190112.7731179812,4.245833333333333,micro,ScreenZO,screen,,,,,,,8.9399,1.0,1.0
0.0015,0.05,0.001,0.9,0.008,0.003,0.002,1.0,5.9069053497942385e-08,0.475,30.0,0.05,0.06505143508027657,3.4,1.65,6.1e-06,1.1,3.63759,0.67,1.0,1.0,1.124346,3.49,0.79,0.79,1.02,0.44,0.88,0.15,1.53,7.072,0.12,0.97,0.510219804,1.3,0.08,0.14,0,0,0,0,0,0,0,0,0,227239.80143052115,0.0,0.0,0.0,0.0,238942.651204193,3385.8730413147655,,,,222.349129673611,0.022234912967361103,222.34690618231429,0.020011421670624994,0.0022234912966995657,0.0022234912967361103,0.99999,0.1,3.7694835252461893e-23,0.0,227239.80143052115,1.0515,0.0149,227239.80143052115,3385.873041314765,3385.873041314765,0.0,18929.435404033495,340.85970214578174,11361.99007152606,227.23980143052117,204.51582128746907,1817.9184114441694,681.7194042915635,454.47960286104234,0.0026974588768126227,0.0021064854064991637,0.00010848399843470702,0.0004824894718787517,3.679761202943928e-27,0.0021064854064991637,0.00010848399843470702,0.0004824894718787517,3.679761202943928e-27,0.0,0.0,4.7086942105135994e-26,1.0,227239.80143052115,5.074999999999999,micro,ScreenZO,screen,,,,,,,8.9399,1.0,1.0
0.0015,0.05,0.001,0.9,0.008,0.003,0.002,1.0,5.9069053497942385e-08,0.475,30.0,0.05,0.06505143508027657,3.4,1.65,6.1e-06,1.1,3.63759,0.67,1.0,1.0,1.124346,3.49,0.79,0.79,1.02,0.44,0.88,0.15,1.53,7.072,0.12,0.97,0.510219804,1.3,0.08,0.14,0,0,0,0,0,0,0,0,0,264366.82974306116,0.0,0.0,9.860761290552548e-32,6.755088767245385e-29,277981.72147482884,3939.0657631716117,,,,258.6771073460647,0.025867710734606475,258.6745205749913,0.02328093966114583,0.0025867710734180536,0.002586771073460648,0.99999,0.1,3.7694835252461893e-23,0.0,264366.82974306116,1.0515,0.0149,264366.82974306116,3939.0657631716113,3939.0657631716113,6.755088767245385e-29,22022.175671194964,396.55024461459175,13218.341487153059,264.36682974306115,237.93014676875507,2114.934637944489,793.1004892291835,528.7336594861223,0.002697458876812623,0.0021064854064991637,0.00010848399843470735,0.00048248947187875174,3.1629845767012737e-27,0.0021064854064991637,0.00010848399843470735,0.00048248947187875174,3.1629845767012737e-27,8.274193445244899e-36,1.058781932401604e-34,4.0474167596369543e-26,1.0,264366.82974306116,5.904166666666666,micro,ScreenZO,screen,,,,,,,8.9399,1.0,1.0
0.0015,0.05,0.001,0.9,0.008,0.003,0.002,1.0,5.9069053497942385e-08,0.475,30.0,0.05,0.06505143508027657,3.4,1.65,6.1e-06,1.1,3.63759,0.67,1.0,1.0,1.124346,3.49,0.79,0.79,1.02,0.44,0.88,0.15,1.53,7.072,0.12,0.97,0.510219804,1.3,0.08,0.14,0,0,0,0,0,0,0,0,0,301493.85805560113,0.0,0.0,0.0,0.0,317020.7917454646,4492.258485028457,,,,295.00508501851834,0.029500508501851843,295.00213496766816,0.026550457651666654,0.0029500508501828743,0.0029500508501851845,0.99999,0.1,3.7694835252461893e-23,0.0,301493.85805560113,1.0515,0.0149,301493.85805560113,4492.258485028457,4492.258485028457,0.0,25114.915938356426,452.2407870834017,15074.692902780058,301.49385805560115,271.34447225004106,2411.950864444809,904.4815741668034,602.9877161112023,0.002697458876812623,0.002106485406499164,0.000108483998434707,0.00048248947187875174,2.7734833819218474e-27,0.002106485406499164,0.000108483998434707,0.00048248947187875174,2.7734833819218474e-27,0.0,0.0,3.549003433419285e-26,1.0,301493.85805560113,6.7333333333333325,micro,ScreenZO,screen,,,,,,,8.9399,1.0,1.0
0.0015,0.05,0.001,0.9,0.008,0.003,0.002,1.0,5.9069053497942385e-08,0.475,30.0,0.05,0.06505143508027657,3.4,1.65,6.1e-06,1.1,3.63759,0.67,1.0,1.0,1.124346,3.49,0.79,0.79,1.02,0.44,0.88,0.15,1.53,7.072,0.12,0.97,0.510219804,1.3,0.08,0.14,0,0,0,0,0,0,0,0,0,338620.8863681412,0.0,0.0,9.860761290552522e-32,6.755088767245367e-29,356059.86201610055,5045.451206885305,,,,331.3330626909721,0.03313330626909721,331.3297493603452,0.02981997564218749,0.0033133306269072277,0.003313330626909721,0.99999,0.1,3.7694835252461893e-23,0.0,338620.8863681412,1.0515,0.0149,338620.8863681412,5045.451206885305,5045.451206885305,6.755088767245367e-29,28207.656205517902,507.9313295522118,16931.04431840706,338.6208863681412,304.75879773132715,2708.9670909451297,1015.8626591044236,677.2417727362824,0.002697458876812623,0.002106485406499164,0.0001084839984347074,0.0004824894718787518,2.4693934684218756e-27,0.002106485406499164,0.0001084839984347074,0.0004824894718787518,2.4693934684218756e-27,6.459797306838561e-36,8.266082634782747e-35,3.1598840487082994e-26,1.0,338620.8863681412,7.562499999999999,micro,ScreenZO,screen,,,,,,,8.9399,1.0,1.0
0.0015,0.05,0.001,0.9,0.008,0.003,0.002,1.0,5.9069053497942385e-08,0.475,30.0,0.05,0.06505143508027657,3.4,1.65,6.1e-06,1.1,3.63759,0.67,1.0,1.0,1.124346,3.49,0.79,0.79,1.02,0.44,0.88,0.15,1.53,7.072,0.12,0.97,0.510219804,1.3,0.08,0.14,0,0,0,0,0,0,0,0,0,375747.9146806813,0.0,0.0,9.860761290552526e-32,6.75508876724537e-29,395098.93228673644,5598.643928742152,,,,367.6610403634258,0.036766104036342576,367.6573637530222,0.03308949363270832,0.003676610403573719,0.0036766104036342583,0.99999,0.1,3.7694835252461893e-23,0.0,375747.9146806813,1.0515,0.0149,375747.9146806813,5598.643928742152,5598.643928742152,6.75508876724537e-29,31300.396472679375,563.621872021022,18787.395734034068,375.74791468068133,338.17312321261323,3005.9833174454507,1127.243744042044,751.4958293613627,0.0026974588768126236,0.0021064854064991646,0.00010848399843470712,0.0004824894718787519,2.2253967950276583e-27,0.0021064854064991646,0.00010848399843470712,0.0004824894718787519,2.2253967950276583e-27,5.821515447821247e-36,7.449324718039073e-35,2.847661146179525e-26,1.0,375747.9146806813,8.391666666666666,micro,ScreenZO,screen,,,,,,,8.9399,1.0,1.0
0.0015,0.05,0.001,0.9,0.008,0.003,0.002,1.0,5.9069053497942385e-08,0.475,30.0,0.05,0.06505143508027657,3.4,1.65,6.1e-06,1.1,3.63759,0.67,1.0,1.0,1.124346,3.49,0.79,0.79,1.02,0.44,0.88,0.15,1.53,7.072,0.12,0.97,0.510219804,1.3,0.08,0.14,0,0,0,0,0,0,0,0,0,412874.9429932213,0.0,0.0,0.0,0.0,434138.00255737227,6151.836650598998,,,,403.9890180358795,0.040398901803587954,403.98497814569913,0.03635901162322916,0.004039890180355632,0.004039890180358796,0.99999,0.1,3.7694835252461893e-23,0.0,412874.9429932213,1.0515,0.0149,412874.9429932213,6151.836650598997,6151.836650598997,0.0,34393.13673984085,619.3124144898319,20643.747149661067,412.8749429932213,371.5874486938992,3302.9995439457703,1238.6248289796638,825.7498859864426,0.002697458876812624,0.0021064854064991646,0.00010848399843470717,0.0004824894718787518,2.0252820357820623e-27,0.0021064854064991646,0.00010848399843470717,0.0004824894718787518,2.0252820357820623e-27,0.0,0.0,2.591590396929762e-26,1.0,412874.9429932213,9.220833333333333,micro,ScreenZO,screen,,,,,,,8.9399,1.0,1.0
0.0015,0.05,0.001,0.9,0.008,0.003,0.002,1.0,5.9069053497942385e-08,0.475,30.0,0.05,0.06505143508027657,3.4,1.65,6.1e-06,1.1,3.63759,0.67,1.0,1.0,1.124346,3.49,0.79,0.79,1.02,0.44,0.88,0.15,1.53,7.072,0.12,0.97,0.510219804,1.3,0.08,0.14,0,0,0,0,0,0,0,0,0,450001.9713057612,0.0,0.0,0.0,0.0,473177.0728280079,6705.029372455842,,,,440.3169957083331,0.04403169957083332,440.312592538376,0.03962852961374999,0.0044031699570971795,0.004403169957083332,0.99999,0.1,3.7694835252461893e-23,0.0,450001.9713057612,1.0515,0.0149,450001.9713057612,6705.029372455841,6705.029372455841,0.0,37485.877007002295,675.0029569586418,22500.098565288063,450.00197130576123,405.0017741751851,3600.01577044609,1350.0059139172836,900.0039426115225,0.002697458876812623,0.0021064854064991646,0.00010848399843470697,0.0004824894718787518,1.858187871138352e-27,0.0021064854064991646,0.00010848399843470697,0.0004824894718787518,1.858187871138352e-27,0.0,0.0,2.3777734446125888e-26,1.0,450001.9713057612,10.049999999999999,micro,ScreenZO,screen,,,,,,,8.9399,1.0,1.0
0.0015,0.05,0.001,0.9,0.008,0.003,0.002,1.0,5.9069053497942385e-08,0.475,30.0,0.05,0.06505143508027657,3.4,1.65,6.1e-06,1.1,3.63759,0.67,1.0,1.0,1.124346,3.49,0.79,0.79,1.02,0.44,0.88,0.15,1.53,7.072,0.12,0.97,0.510219804,1.3,0.08,0.14,0,0,0,0,0,0,0,0,0,487128.99961830117,0.0,0.0,0.0,0.0,512216.1430986437,7258.222094312689,,,,476.6449733807868,0.04766449733807868,476.640206931053,0.042898047604270816,0.0047664497337293835,0.0047664497338078685,0.99999,0.1,3.7694835252461893e-23,0.0,487128.99961830117,1.0515,0.0149,487128.99961830117,7258.222094312688,7258.222094312688,0.0,40578.617274163764,730.6934994274518,24356.44998091506,487.1289996183012,438.4160996564711,3897.0319969464094,1461.3869988549036,974.2579992366024,0.002697458876812623,0.002106485406499164,0.00010848399843470726,0.0004824894718787518,1.7165642072714302e-27,0.002106485406499164,0.00010848399843470726,0.0004824894718787518,1.7165642072714302e-27,0.0,0.0,2.1965490419017863e-26,1.0,487128.99961830117,10.879166666666665,micro,ScreenZO,screen,,,,,,,8.9399,1.0,1.0
0.0015,0.05,0.001,0.9,0.008,0.003,0.002,1.0,5.9069053497942385e-08,0.475,30.0,0.05,0.06505143508027657,3.4,1.65,6.1e-06,1.1,3.63759,0.67,1.0,1.0,1.124346,3.49,0.79,0.79,1.02,0.44,0.88,0.15,1.53,7.072,0.12,0.97,0.510219804,1.3,0.08,0.14,0,0,0,0,0,0,0,0,0,524256.0279308412,0.0,0.0,9.860761290552526e-32,6.75508876724537e-29,551255.2133692796,7811.414816169535,,,,512.9729510532405,0.05129729510532406,512.96782132373,0.046167565594791654,0.0051297295104479395,0.005129729510532407,0.99999,0.1,3.7694835252461893e-23,0.0,524256.0279308412,1.0515,0.0149,524256.0279308412,7811.414816169534,7811.414816169534,6.75508876724537e-29,43671.35754132523,786.3840418962618,26212.80139654206,524.2560279308412,471.8304251377571,4194.04822344673,1572.7680837925236,1048.5120558616825,0.002697458876812623,0.002106485406499164,0.00010848399843470684,0.0004824894718787518,1.5949996957956242e-27,0.002106485406499164,0.00010848399843470684,0.0004824894718787518,1.5949996957956242e-27,4.172431356552311e-36,5.339124548800958e-35,2.040992721852514e-26,1.0,524256.0279308412,11.708333333333332,micro,ScreenZO,screen,,,,,,,8.9399,1.0,1.0
0.0015,0.05,0.001,0.9,0.008,0.003,0.002,1.0,5.9069053497942385e-08,0.475,30.0,0.05,0.06505143508027657,3.4,1.65,6.1e-06,1.1,3.63759,0.67,1.0,1.0,1.124346,3.49,0.79,0.79,1.02,0.44,0.88,0.15,1.53,7.072,0.12,0.97,0.510219804,1.3,0.08,0.14,0,0,0,0,0,0,0,0,0,561383.0562433812,0.0,0.0,0.0,0.0,590294.2836399155,8364.607538026381,,,,549.3009287256942,0.05493009287256943,549.295435716407,0.04943708358531249,0.00549300928714406,0.005493009287256944,0.99999,0.1,3.7694835252461893e-23,0.0,561383.0562433812,1.0515,0.0149,561383.0562433812,8364.607538026381,8364.607538026381,0.0,46764.09780848671,842.0745843650718,28069.152812169064,561.3830562433812,505.24475061904315,4491.06444994705,1684.1491687301436,1122.7661124867625,0.002697458876812623,0.0021064854064991637,0.00010848399843470729,0.00048248947187875174,1.4895145048805925e-27,0.0021064854064991637,0.00010848399843470729,0.00048248947187875174,1.4895145048805925e-27,0.0,0.0,1.9060118140264417e-26,1.0,561383.0562433812,12.5375,micro,ScreenZO,screen,,,,,,,8.9399,1.0,1.0
0.0015,0.05,0.001,0.9,0.008,0.003,0.002,1.0,5.9069053497942385e-08,0.475,30.0,0.05,0.06505143508027657,3.4,1.65,6.1e-06,1.1,3.63759,0.67,1.0,1.0,1.124346,3.49,0.79,0.79,1.02,0.44,0.88,0.15,1.53,7.072,0.12,0.97,0.510219804,1.3,0.08,0.14,0,0,0,0,0,0,0,0,0,598510.0845559211,0.0,0.0,0.0,0.0,629333.353910551,8917.800259883226,,,,585.6289063981479,0.0585628906398148,585.623050109084,0.052706601575833324,0.005856289063793206,0.0058562890639814805,0.99999,0.1,3.7694835252461893e-23,0.0,598510.0845559211,1.0515,0.0149,598510.0845559211,8917.800259883224,8917.800259883224,0.0,49856.83807564816,897.7651268338817,29925.50422779606,598.5100845559211,538.6590761003291,4788.080676447369,1795.5302536677634,1197.0201691118423,0.0026974588768126227,0.002106485406499164,0.00010848399843470735,0.00048248947187875174,1.397116317077838e-27,0.002106485406499164,0.00010848399843470735,0.00048248947187875174,1.397116317077838e-27,0.0,0.0,1.7877772906501134e-26,1.0,598510.0845559211,13.366666666666665,micro,ScreenZO,screen,,,,,,,8.9399,1.0,1.0
0.0015,0.05,0.001,0.9,0.008,0.003,0.002,1.0,5.9069053497942385e-08,0.475,30.0,0.05,0.06505143508027657,3.4,1.65,6.1e-06,1.1,3.63759,0.67,1.0,1.0,1.124346,3.49,0.79,0.79,1.02,0.44,0.88,0.15,1.53,7.072,0.12,0.97,0.510219804,1.3,0.08,0.14,0,0,0,0,0,0,0,0,0,635637.1128684612,0.0,0.0,0.0,0.0,668372.424181187,9470.992981740073,,,,621.9568840706015,0.062195688407060155,621.9506645017608,0.05597611956635414,0.006219568840725387,0.006219568840706017,0.99999,0.1,3.7694835252461893e-23,0.0,635637.1128684612,1.0515,0.0149,635637.1128684612,9470.992981740072,9470.992981740072,0.0,52949.57834280963,953.4556693026918,31781.85564342306,635.6371128684611,572.0734015816151,5085.096902947689,1906.9113386053837,1271.2742257369223,0.0026974588768126236,0.0021064854064991646,0.000108483998434707,0.0004824894718787518,1.315511929904815e-27,0.0021064854064991646,0.000108483998434707,0.0004824894718787518,1.315511929904815e-27,0.0,0.0,1.6833547250970252e-26,1.0,635637.1128684612,14.195833333333331,micro,ScreenZO,screen,,,,,,,8.9399,1.0,1.0
0.0015,0.05,0.001,0.9,0.008,0.003,0.002,1.0,5.9069053497942385e-08,0.475,30.0,0.05,0.06505143508027657,3.4,1.65,6.1e-06,1.1,3.63759,0.67,1.0,1.0,1.124346,3.49,0.79,0.79,1.02,0.44,0.88,0.15,1.53,7.072,0.12,0.97,0.510219804,1.3,0.08,0.14,0,0,0,0,0,0,0,0,0,672764.1411810012,0.0,0.0,9.860761290552513e-32,6.755088767245361e-29,707411.4944518228,10024.18570359692,,,,658.2848617430552,0.06582848617430553,658.2782788944378,0.05924563755687499,0.00658284861732216,0.006582848617430554,0.99999,0.1,3.7694835252461893e-23,0.0,672764.1411810012,1.0515,0.0149,672764.1411810012,10024.185703596919,10024.185703596919,6.755088767245361e-29,56042.3186099711,1009.1462117715018,33638.20705905006,672.7641411810013,605.4877270629012,5382.11312944801,2018.2924235430037,1345.5282823620025,0.002697458876812623,0.002106485406499164,0.00010848399843470703,0.0004824894718787518,1.2429143497464516e-27,0.002106485406499164,0.00010848399843470703,0.0004824894718787518,1.2429143497464516e-27,3.251395483059339e-36,4.1605490799031263e-35,1.590457445481299e-26,1.0,672764.1411810012,15.024999999999999,micro,ScreenZO,screen,,,,,,,8.9399,1.0,1.0
0.0015,0.05,0.001,0.9,0.008,0.003,0.002,1.0,5.9069053497942385e-08,0.475,30.0,0.05,0.06505143508027657,3.4,1.65,6.1e-06,1.1,3.63759,0.67,1.0,1.0,1.124346,3.49,0.79,0.79,1.02,0.44,0.88,0.15,1.53,7.072,0.12,0.97,0.510219804,1.3,0.08,0.14,0,0,0,0,0,0,0,0,0,709891.1694935412,0.0,0.0,0.0,0.0,746450.5647224586,10577.378425453766,,,,694.612839415509,0.0694612839415509,694.6058932871149,0.06251515554739581,0.006946128394149652,0.006946128394155091,0.99999,0.1,3.7694835252461893e-23,0.0,709891.1694935412,1.0515,0.0149,709891.1694935412,10577.378425453764,10577.378425453764,0.0,59135.058877132564,1064.8367542403118,35494.55847467706,709.8911694935413,638.9020525441872,5679.12935594833,2129.6735084806237,1419.7823389870825,0.0026974588768126227,0.002106485406499164,0.00010848399843470705,0.00048248947187875174,1.1779104192340878e-27,0.002106485406499164,0.00010848399843470705,0.00048248947187875174,1.1779104192340878e-27,0.0,0.0,1.5072771480697932e-26,1.0,709891.1694935412,15.854166666666666,micro,ScreenZO,screen,,,,,,,8.9399,1.0,1.0
0.0015,0.05,0.001,0.9,0.008,0.003,0.002,1.0,5.9069053497942385e-08,0.475,30.0,0.05,0.06505143508027657,3.4,1.65,6.1e-06,1.1,3.63759,0.67,1.0,1.0,1.124346,3.49,0.79,0.79,1.02,0.44,0.88,0.15,1.53,7.072,0.12,0.97,0.510219804,1.3,0.08,0.14,0,0,0,0,0,0,0,0,0,747018.1978060812,0.0,0.0,0.0,0.0,785489.6349930944,11130.57114731061,,,,730.9408170879626,0.07309408170879628,730.9335076797918,0.06578467353791666,0.0073094081708739034,0.007309408170879628,0.99999,0.1,3.7694835252461893e-23,0.0,747018.1978060812,1.0515,0.0149,747018.1978060812,11130.57114731061,11130.57114731061,0.0,62227.799144294026,1120.5272967091219,37350.90989030406,747.0181978060812,672.3163780254731,5976.145582448649,2241.0545934182437,1494.0363956121623,0.002697458876812623,0.0021064854064991646,0.00010848399843470679,0.0004824894718787518,1.1193679183780482e-27,0.0021064854064991646,0.00010848399843470679,0.0004824894718787518,1.1193679183780482e-27,0.0,0.0,1.4323650220793116e-26,1.0,747018.1978060812,16.683333333333334,micro,ScreenZO,screen,,,,,,,8.9399,1.0,1.0
0.0015,0.05,0.001,0.9,0.008,0.003,0.002,1.0,5.9069053497942385e-08,0.475,30.0,0.05,0.06505143508027657,3.4,1.65,6.1e-06,1.1,3.63759,0.67,1.0,1.0,1.124346,3.49,0.79,0.79,1.02,0.44,0.88,0.15,1.53,7.072,0.12,0.97,0.510219804,1.3,0.08,0.14,0,0,0,0,0,0,0,0,0,784145.2261186214,0.0,0.0,0.0,0.0,824528.7052637305,11683.76386916746,,,,767.2687947604164,0.07672687947604165,767.2611220724689,0.06905419152843749,0.007672687947477826,0.007672687947604165,0.99999,0.1,3.7694835252461893e-23,0.0,784145.2261186214,1.0515,0.0149,784145.2261186214,11683.763869167458,11683.763869167458,0.0,65320.53941145552,1176.217839177932,39207.261305931075,784.1452261186214,705.7307035067594,6273.161808948971,2352.435678355864,1568.2904522372428,0.0026974588768126236,0.0021064854064991646,0.0001084839984347071,0.0004824894718787518,1.0663690566704028e-27,0.0021064854064991646,0.0001084839984347071,0.0004824894718787518,1.0663690566704028e-27,0.0,0.0,1.3645466448740336e-26,1.0,784145.2261186214,17.5125,micro,ScreenZO,screen,,,,,,,8.9399,1.0,1.0
0.0015,0.05,0.001,0.9,0.008,0.003,0.002,1.0,5.9069053497942385e-08,0.475,30.0,0.05,0.06505143508027657,3.4,1.65,6.1e-06,1.1,3.63759,0.67,1.0,1.0,1.124346,3.49,0.79,0.79,1.02,0.44,0.88,0.15,1.53,7.072,0.12,0.97,0.510219804,1.3,0.08,0.14,0,0,0,0,0,0,0,0,0,821272.2544311613,0.0,0.0,0.0,0.0,863567.7755343663,12236.956591024305,,,,803.5967724328701,0.08035967724328703,803.5887364651459,0.07232370951895833,0.008035967724196381,0.008035967724328704,0.99999,0.1,3.7694835252461893e-23,0.0,821272.2544311613,1.0515,0.0149,821272.2544311613,12236.956591024304,12236.956591024304,0.0,68413.27967861698,1231.908381646742,41063.61272155807,821.2722544311614,739.1450289880453,6570.178035449291,2463.816763293484,1642.5445088623228,0.002697458876812623,0.002106485406499164,0.00010848399843470741,0.00048248947187875174,1.018162004812745e-27,0.002106485406499164,0.00010848399843470741,0.00048248947187875174,1.018162004812745e-27,0.0,0.0,1.3028599610189826e-26,1.0,821272.2544311613,18.34166666666667,micro,ScreenZO,screen,,,,,,,8.9399,1.0,1.0
0.0015,0.05,0.001,0.9,0.008,0.003,0.002,1.0,5.9069053497942385e-08,0.475,30.0,0.05,0.06505143508027657,3.4,1.65,6.1e-06,1.1,3.63759,0.67,1.0,1.0,1.124346,3.49,0.79,0.79,1.02,0.44,0.88,0.15,1.53,7.072,0.12,0.97,0.510219804,1.3,0.08,0.14,0,0,0,0,0,0,0,0,0,858399.2827437014,0.0,0.0,0.0,0.0,902606.845805002,12790.14931288115,,,,839.9247501053239,0.08399247501053239,839.916350857823,0.07559322750947915,0.008399247500947934,0.00839924750105324,0.99999,0.1,3.7694835252461893e-23,0.0,858399.2827437014,1.0515,0.0149,858399.2827437014,12790.14931288115,12790.14931288115,0.0,71506.01994577845,1287.598924115552,42919.964137185074,858.3992827437014,772.5593544693313,6867.194261949611,2575.197848231104,1716.7985654874028,0.002697458876812623,0.002106485406499164,0.00010848399843470716,0.0004824894718787518,9.741250043872427e-28,0.002106485406499164,0.00010848399843470716,0.0004824894718787518,9.741250043872427e-28,0.0,0.0,1.2465093563150539e-26,1.0,858399.2827437014,19.170833333333334,micro,ScreenZO,screen,,,,,,,8.9399,1.0,1.0
0.0015,0.05,0.001,0.9,0.008,0.003,0.002,1.0,5.9069053497942385e-08,0.475,30.0,0.05,0.06505143508027657,3.4,1.65,6.1e-06,1.1,3.63759,0.67,1.0,1.0,1.124346,3.49,0.79,0.79,1.02,0.44,0.88,0.15,1.53,7.072,0.12,0.97,0.510219804,1.3,0.08,0.14,0,0,0,0,0,0,0,0,0,895526.3110562414,0.0,0.0,0.0,0.0,941645.9160756379,13343.342034737998,,,,876.2527277777775,0.08762527277777776,876.2439652504997,0.07886274549999998,0.008762527277805066,0.008762527277777777,0.99999,0.1,3.7694835252461893e-23,0.0,895526.3110562414,1.0515,0.0149,895526.3110562414,13343.342034737996,13343.342034737996,0.0,74598.76021293992,1343.2894665843621,44776.31555281207,895.5263110562414,805.9736799506173,7164.210488449931,2686.5789331687242,1791.0526221124828,0.002697458876812623,0.002106485406499164,0.00010848399843470717,0.00048248947187875174,9.337394052470214e-28,0.002106485406499164,0.00010848399843470717,0.00048248947187875174,9.337394052470214e-28,0.0,0.0,1.1948311559178255e-26,1.0,895526.3110562414,20.0,micro,ScreenZO,screen,,,,,,,8.9399,1.0,1.0
